公司,职位,地区,地点,日期,级别名称,标签,总计工作年数,该公司工作年数,总薪酬USD,基本工资,股票(年),奖金,Source_URL,Capture_Time
Binance,软件工程师,Singapore,"BinanceSingapore, SG, Singapore",2026/02/10,31,DevOps,4年,1年,12713,8826.4,1646.7,2239.5,https://www.levels.fyi/zh-cn/companies/binance/salaries/software-engineer?country=219,2026-03-12 17:21:02
Binance,软件工程师,Singapore,"BinanceSingapore, SG, Singapore",2026/02/08,32,Mobile (iOS + Android),11年,1年,16105,1.4万,1964,不适用,https://www.levels.fyi/zh-cn/companies/binance/salaries/software-engineer?country=219,2026-03-12 17:21:03
Binance,软件工程师,Singapore,"BinanceSingapore, SG, Singapore",2026/02/02,11,ML / AI,0年,0年,2357,2357.1,不适用,不适用,https://www.levels.fyi/zh-cn/companies/binance/salaries/software-engineer?country=219,2026-03-12 17:21:03
Binance,软件工程师,United States,"BinanceNew York, NY",2025/09/13,31,Web Development (Front-End),6年,0年,10833,1万,833.3,不适用,https://www.levels.fyi/zh-cn/companies/binance/salaries/software-engineer/locations/united-states?country=254,2026-03-12 17:21:08
Binance,软件工程师,United States,"BinanceNew York, NY",2025/07/29,11,Security,0年,0年,8542,8333.3,208.3,不适用,https://www.levels.fyi/zh-cn/companies/binance/salaries/software-engineer/locations/united-states?country=254,2026-03-12 17:21:08
Binance,软件工程师,United States,"BinanceNew York, NY",2025/07/09,11,Web Development (Front-End),0年,0年,10417,8333.3,2083.3,不适用,https://www.levels.fyi/zh-cn/companies/binance/salaries/software-engineer/locations/united-states?country=254,2026-03-12 17:21:08
Binance,软件工程师,United Arab Emirates,"BinanceDubai, DU, United Arab Emirates",2025/11/26,21,ML / AI,7年,0年,8169,8168.8,不适用,不适用,https://www.levels.fyi/zh-cn/companies/binance/salaries/software-engineer/locations/united-arab-emirates?country=252,2026-03-12 17:21:18
Binance,软件工程师,United Arab Emirates,"BinanceDubai, DU, United Arab Emirates",2025/09/15,31,API Development (Back-End),9年,0年,15884,1.2万,907.6,2496,https://www.levels.fyi/zh-cn/companies/binance/salaries/software-engineer/locations/united-arab-emirates?country=252,2026-03-12 17:21:18
Binance,软件工程师,United Arab Emirates,"BinanceDubai, DU, United Arab Emirates",2025/05/15,31,Distributed Systems (Back-End),5年,0年,16335,1.6万,不适用,不适用,https://www.levels.fyi/zh-cn/companies/binance/salaries/software-engineer/locations/united-arab-emirates?country=252,2026-03-12 17:21:18
Binance,软件工程师,Taiwan,"BinanceTaipei, TP, Taiwan",2025/09/22,11,Data,0年,0年,1323,1323.1,不适用,不适用,https://www.levels.fyi/zh-cn/companies/binance/salaries/software-engineer/locations/taiwan?country=236,2026-03-12 17:21:29
Binance,软件工程师,Taiwan,"BinanceTaipei, TP, Taiwan",2025/08/31,31,Developer Relations,10年,0年,10902,8176.5,不适用,2725.5,https://www.levels.fyi/zh-cn/companies/binance/salaries/software-engineer/locations/taiwan?country=236,2026-03-12 17:21:29
Binance,软件工程师,Taiwan,"BinanceTaipei, TP, Taiwan",2025/03/31,31,Web Development (Front-End),5年,3年,5764,5763.7,不适用,不适用,https://www.levels.fyi/zh-cn/companies/binance/salaries/software-engineer/locations/taiwan?country=236,2026-03-12 17:21:29
Binance,软件工程师,France,"BinanceParis, IL, France",2025/07/19,33,Web Development (Front-End),15年,3年,14819,1.3万,不适用,2227.7,https://www.levels.fyi/zh-cn/companies/binance/salaries/software-engineer/locations/france?country=82,2026-03-12 17:21:40
Binance,软件工程师,China,"BinanceHangzhou, ZJ, China",2026/01/26,11,Web Development (Front-End),1年,1年,1864,1864.2,不适用,不适用,https://www.levels.fyi/zh-cn/companies/binance/salaries/software-engineer/locations/china?country=49,2026-03-12 17:21:51
Binance,软件工程师,China,"BinanceGuangdong, GD, China",2025/11/15,31,Mobile (iOS + Android),10年,1年,8436,8435.6,不适用,不适用,https://www.levels.fyi/zh-cn/companies/binance/salaries/software-engineer/locations/china?country=49,2026-03-12 17:21:51
Binance,数据分析师,Taiwan,"BinanceTaipei, TP, Taiwan",2025/11/30,22,Data,6年,3年,8070,5096.9,不适用,2973.2,https://www.levels.fyi/zh-cn/companies/binance/salaries/data-analyst/locations/taiwan?country=236,2026-03-12 17:22:17
Binance,数据分析师,Taiwan,"BinanceTaipei, TP, Taiwan",2025/11/01,22,Business Analytics,6年,3年,7901,5195.3,不适用,2705.9,https://www.levels.fyi/zh-cn/companies/binance/salaries/data-analyst/locations/taiwan?country=236,2026-03-12 17:22:17
Binance,数据科学家,,"BinanceSingapore, SG, Singapore",2025/11/04,22,-,4年,3年,14212,8348.8,不适用,5863.2,https://www.levels.fyi/zh-cn/companies/binance/salaries/data-scientist,2026-03-12 17:22:34
Binance,数据科学家,,"BinanceSingapore, SG, Singapore",2025/01/13,21,Data,2年,2年,8923,7405.7,不适用,1517.6,https://www.levels.fyi/zh-cn/companies/binance/salaries/data-scientist,2026-03-12 17:22:34
Binance,数据科学家,,"BinanceSingapore, SG, Singapore",2025/01/12,,hidden,,5-10年,7298,7297.7,不适用,不适用,https://www.levels.fyi/zh-cn/companies/binance/salaries/data-scientist,2026-03-12 17:22:34
Coinbase,软件工程师,United States,"CoinbaseNew York, NY",2 days ago,IC4,Distributed Systems (Back-End),3年,3年,28500,1.5万,1.3万,1333.3,https://www.levels.fyi/zh-cn/companies/coinbase/salaries/software-engineer?country=254,2026-03-12 17:24:32
Coinbase,软件工程师,United States,"CoinbaseSan Francisco, CA",5 days ago,IC3,Distributed Systems (Back-End),1年,0年,16667,1.1万,5833.3,不适用,https://www.levels.fyi/zh-cn/companies/coinbase/salaries/software-engineer?country=254,2026-03-12 17:24:32
Coinbase,软件工程师,United States,"CoinbaseSeattle, WA",2026/03/04,IC4,Distributed Systems (Back-End),3年,0年,22833,1.5万,6333.3,1500,https://www.levels.fyi/zh-cn/companies/coinbase/salaries/software-engineer?country=254,2026-03-12 17:24:32
Coinbase,软件工程师,United States - San Francisco Bay Area,"CoinbaseSan Francisco, CA",2026/03/03,IC4,API Development (Back-End),2年,2年,24833,1.5万,8333.3,1500,https://www.levels.fyi/zh-cn/companies/coinbase/salaries/software-engineer/locations/san-francisco-bay-area?dma=807,2026-03-12 17:24:37
Coinbase,软件工程师,United States - San Francisco Bay Area,"CoinbaseSan Francisco, CA",2026/01/19,IC3,Full Stack,0年,0年,17708,1.3万,3333.3,1875,https://www.levels.fyi/zh-cn/companies/coinbase/salaries/software-engineer/locations/san-francisco-bay-area?dma=807,2026-03-12 17:24:37
Coinbase,软件工程师,United States - New York City Area,"CoinbaseNew York, NY",2026/02/14,IC4,API Development (Back-End),5年,1年,21333,1.5万,6333.3,不适用,https://www.levels.fyi/zh-cn/companies/coinbase/salaries/software-engineer/locations/new-york-city-area?dma=501,2026-03-12 17:24:42
Coinbase,软件工程师,United States - New York City Area,"CoinbaseNew York, NY",2026/02/09,IC4,Full Stack,2年,2年,21333,1.5万,6333.3,不适用,https://www.levels.fyi/zh-cn/companies/coinbase/salaries/software-engineer/locations/new-york-city-area?dma=501,2026-03-12 17:24:42
Coinbase,软件工程师,United States - Greater Seattle Area,"CoinbaseSeattle, WA",2026/02/21,IC4,API Development (Back-End),5年,1年,25500,1.5万,9333.3,1166.7,https://www.levels.fyi/zh-cn/companies/coinbase/salaries/software-engineer/locations/greater-seattle-area?dma=819,2026-03-12 17:24:47
Coinbase,软件工程师,United States - Greater Seattle Area,"CoinbaseSeattle, WA",2026/02/18,IC6,Blockchain,10年,0年,47533,2.1万,2.3万,3200,https://www.levels.fyi/zh-cn/companies/coinbase/salaries/software-engineer/locations/greater-seattle-area?dma=819,2026-03-12 17:24:47
Coinbase,软件工程师,United States - Greater Dallas Area,"CoinbaseDallas, TX",2025/12/14,IC5,DevOps,8年,4年,23500,1.5万,6333.3,2500,https://www.levels.fyi/zh-cn/companies/coinbase/salaries/software-engineer/locations/greater-dallas-area?dma=623,2026-03-12 17:24:52
Coinbase,软件工程师,United States - Greater Dallas Area,"CoinbaseDallas, TX",2025/12/01,IC4,Distributed Systems (Back-End),5年,1年,21333,1.3万,6333.3,2500,https://www.levels.fyi/zh-cn/companies/coinbase/salaries/software-engineer/locations/greater-dallas-area?dma=623,2026-03-12 17:24:52
Coinbase,软件工程师,India,"CoinbaseBengaluru, KA, India",2026/02/16,IC3,Distributed Systems (Back-End),1年,1年,3865,2539.7,1196.2,128.8,https://www.levels.fyi/zh-cn/companies/coinbase/salaries/software-engineer/locations/india?country=113,2026-03-12 17:24:57
Coinbase,软件工程师,India,"CoinbaseBengaluru, KA, India",2026/02/10,IC5,Web Development (Front-End),10年,3年,10377,6061.2,3765.3,551,https://www.levels.fyi/zh-cn/companies/coinbase/salaries/software-engineer/locations/india?country=113,2026-03-12 17:24:57
Coinbase,软件工程师,India,"CoinbaseHyderabad, TS, India",2026/02/02,IC5,API Development (Back-End),14年,4年,10274,6000.5,3636.7,636.4,https://www.levels.fyi/zh-cn/companies/coinbase/salaries/software-engineer/locations/india?country=113,2026-03-12 17:24:57
Coinbase,软件工程师,India - Greater Bengaluru,"CoinbaseBengaluru, KA, India",2026/01/05,IC5,ML / AI,5年,4年,11472,6105.9,4718.2,647.6,https://www.levels.fyi/zh-cn/companies/coinbase/salaries/software-engineer/locations/greater-bengaluru?dma=10062,2026-03-12 17:25:02
Coinbase,软件工程师,India - Greater Hyderabad Area,"CoinbaseHyderabad, TS, India",2026/01/01,IC3,Full Stack,1年,1年,3838,2688.8,1149.7,不适用,https://www.levels.fyi/zh-cn/companies/coinbase/salaries/software-engineer/locations/greater-hyderabad-area?dma=10065,2026-03-12 17:25:08
Coinbase,软件工程师,Canada,"CoinbaseMontreal, QC, Canada",2026/03/04,IC5,API Development (Back-End),6年,2年,23749,1.2万,1.1万,1217.9,https://www.levels.fyi/zh-cn/companies/coinbase/salaries/software-engineer/locations/canada?country=43,2026-03-12 17:25:13
Coinbase,软件工程师,Canada,"CoinbaseToronto, ON, Canada",2026/02/22,IC6,API Development (Back-End),9年,4年,32399,1.3万,1.7万,1948.8,https://www.levels.fyi/zh-cn/companies/coinbase/salaries/software-engineer/locations/canada?country=43,2026-03-12 17:25:13
Coinbase,软件工程师,Canada,"CoinbaseToronto, ON, Canada",2026/02/19,IC4,Full Stack,6年,4年,14302,9128.9,4260.1,912.9,https://www.levels.fyi/zh-cn/companies/coinbase/salaries/software-engineer/locations/canada?country=43,2026-03-12 17:25:13
Coinbase,软件工程师,Canada - Greater Toronto Area,"CoinbaseToronto, ON, Canada",2026/02/16,IC5,Full Stack,4年,4年,23880,1.2万,1.1万,1224.6,https://www.levels.fyi/zh-cn/companies/coinbase/salaries/software-engineer/locations/greater-toronto-area?dma=950,2026-03-12 17:25:18
Coinbase,软件工程师,Canada - Greater Montreal,"CoinbaseMontreal, QC, Canada",2025/12/02,IC5,API Development (Back-End),8年,2年,23570,1.1万,1.1万,1190.4,https://www.levels.fyi/zh-cn/companies/coinbase/salaries/software-engineer/locations/greater-montreal?dma=921,2026-03-12 17:25:23
Coinbase,软件工程师,Canada - Greater Vancouver,"CoinbaseVancouver, BC, Canada",2026/01/10,IC3,Full Stack,3年,2年,11323,8207.3,3115.2,不适用,https://www.levels.fyi/zh-cn/companies/coinbase/salaries/software-engineer/locations/greater-vancouver?dma=984,2026-03-12 17:25:29
Coinbase,软件工程师,Canada - Greater Vancouver,"CoinbaseVancouver, BC, Canada",2025/05/11,IC3,Web Development (Front-End),1年,1年,10877,7769.5,3107.8,不适用,https://www.levels.fyi/zh-cn/companies/coinbase/salaries/software-engineer/locations/greater-vancouver?dma=984,2026-03-12 17:25:29
Coinbase,软件工程师,Canada - Greater Vancouver,"CoinbaseVancouver, BC, Canada",2025/04/23,IC5,Distributed Systems (Back-End),10年,0年,22975,1.2万,1.1万,451.7,https://www.levels.fyi/zh-cn/companies/coinbase/salaries/software-engineer/locations/greater-vancouver?dma=984,2026-03-12 17:25:29
Coinbase,软件工程师,Brazil,"CoinbaseBrasilia, DF, Brazil",2026/02/13,IC3,Full Stack,2年,2年,6682,4316.3,2078.2,287.8,https://www.levels.fyi/zh-cn/companies/coinbase/salaries/software-engineer/locations/brazil?country=33,2026-03-12 17:25:34
Coinbase,软件工程师,Brazil,"CoinbaseSao Paulo, SP, Brazil",2026/01/28,IC5,Full Stack,10年,1年,11840,7040.2,4160.1,640,https://www.levels.fyi/zh-cn/companies/coinbase/salaries/software-engineer/locations/brazil?country=33,2026-03-12 17:25:34
Coinbase,软件工程师,Brazil,"CoinbaseSao Paulo, SP, Brazil",2025/11/26,IC5,API Development (Back-End),12年,2年,15172,7121.7,7276.5,774.1,https://www.levels.fyi/zh-cn/companies/coinbase/salaries/software-engineer/locations/brazil?country=33,2026-03-12 17:25:34
Coinbase,软件工程师,Brazil - Greater Sao Paulo,"CoinbaseSao Paulo, SP, Brazil",2025/10/22,IC3,API Development (Back-End),3年,1年,6434,4144.8,2072.4,216.5,https://www.levels.fyi/zh-cn/companies/coinbase/salaries/software-engineer/locations/greater-sao-paulo?dma=10024,2026-03-12 17:25:40
Coinbase,软件工程师,United Kingdom,"CoinbaseLondon, EN, United Kingdom",2026/02/11,IC4,Distributed Systems (Back-End),1年,1年,18074,1.3万,4660.7,682.1,https://www.levels.fyi/zh-cn/companies/coinbase/salaries/software-engineer/locations/united-kingdom?country=253,2026-03-12 17:25:45
Coinbase,软件工程师,United Kingdom,"CoinbaseLondon, EN, United Kingdom",2025/08/01,IC3,API Development (Back-End),1年,0年,10413,7925.4,2091.4,396.3,https://www.levels.fyi/zh-cn/companies/coinbase/salaries/software-engineer/locations/united-kingdom?country=253,2026-03-12 17:25:45
Coinbase,软件工程师,United Kingdom,"CoinbaseLondon, EN, United Kingdom",2025/07/01,IC4,Distributed Systems (Back-End),7年,0年,18353,1.3万,4702.9,688.2,https://www.levels.fyi/zh-cn/companies/coinbase/salaries/software-engineer/locations/united-kingdom?country=253,2026-03-12 17:25:45
Coinbase,产品经理,United States,"CoinbaseSan Francisco, CA",7 hours ago,IC6,General,10年,4年,42500,2万,2.3万,不适用,https://www.levels.fyi/zh-cn/companies/coinbase/salaries/product-manager?country=254,2026-03-12 17:26:06
Coinbase,产品经理,United States,"CoinbaseLos Angeles, CA",2026/01/30,IC5,Consumer,4年,2年,19167,1.9万,不适用,不适用,https://www.levels.fyi/zh-cn/companies/coinbase/salaries/product-manager?country=254,2026-03-12 17:26:06
Coinbase,产品经理,United States,"CoinbaseSeattle, WA",2025/10/29,IC5,Technical,8年,0年,19167,1.4万,4166.7,1333.3,https://www.levels.fyi/zh-cn/companies/coinbase/salaries/product-manager?country=254,2026-03-12 17:26:06
Coinbase,产品经理,United States - New York City Area,"CoinbaseNew York, NY",2025/08/09,IC3,Consumer,1年,0年,8333,8333.3,不适用,不适用,https://www.levels.fyi/zh-cn/companies/coinbase/salaries/product-manager/locations/new-york-city-area?dma=501,2026-03-12 17:26:11
Coinbase,产品经理,United States - New York City Area,"CoinbaseNew York, NY",2025/08/05,IC6,General,12年,0年,46333,2万,2.3万,3000,https://www.levels.fyi/zh-cn/companies/coinbase/salaries/product-manager/locations/new-york-city-area?dma=501,2026-03-12 17:26:11
Coinbase,产品经理,United States - New York City Area,"CoinbaseNew York, NY",2025/07/01,IC6,Technical,5年,1年,65833,1.8万,2.7万,2.1万,https://www.levels.fyi/zh-cn/companies/coinbase/salaries/product-manager/locations/new-york-city-area?dma=501,2026-03-12 17:26:11
Coinbase,产品经理,"United States - Charlotte, NC Greater Area","CoinbaseCharlotte, NC",2025/04/26,IC5,Internal,5年,0年,17083,1.2万,4166.7,1250,https://www.levels.fyi/zh-cn/companies/coinbase/salaries/product-manager/locations/charlotte-nc-greater-area?dma=517,2026-03-12 17:26:16
Coinbase,产品设计师,United States,"CoinbaseSan Francisco, CA",2026/02/04,IC5,User Experience (UX),8年,5年,27500,1.7万,1万,不适用,https://www.levels.fyi/zh-cn/companies/coinbase/salaries/product-designer?country=254,2026-03-12 17:26:32
Coinbase,产品设计师,United States,"CoinbaseNew York, NY",2026/01/01,IC4,User Experience (UX),3年,0年,20833,1.4万,6666.7,不适用,https://www.levels.fyi/zh-cn/companies/coinbase/salaries/product-designer?country=254,2026-03-12 17:26:32
Coinbase,产品设计师,United States,"CoinbaseSan Francisco, CA",2025/12/26,IC6,User Experience (UX),8年,1年,39667,2万,1.7万,3000,https://www.levels.fyi/zh-cn/companies/coinbase/salaries/product-designer?country=254,2026-03-12 17:26:32
Coinbase,产品设计师,United States - New York City Area,"CoinbaseNew York, NY",2025/09/02,IC5,Interaction Design,6年,3年,30000,1.8万,1万,1666.7,https://www.levels.fyi/zh-cn/companies/coinbase/salaries/product-designer/locations/new-york-city-area?dma=501,2026-03-12 17:26:37
Coinbase,产品设计师,United States - New York City Area,"CoinbaseNew York, NY",2025/04/22,IC6,Interaction Design,6年,3年,41167,2万,1.7万,4166.7,https://www.levels.fyi/zh-cn/companies/coinbase/salaries/product-designer/locations/new-york-city-area?dma=501,2026-03-12 17:26:37
Coinbase,产品设计师,United States - San Francisco Bay Area,"CoinbaseSan Francisco, CA",2024/09/01,IC3,User Experience (UX),1年,1年,8667,8666.7,不适用,不适用,https://www.levels.fyi/zh-cn/companies/coinbase/salaries/product-designer/locations/san-francisco-bay-area?dma=807,2026-03-12 17:26:43
Coinbase,数据科学家,United States,"CoinbaseNew York, NY",2026/03/05,IC5,Consumer,7年,3年,32167,1.8万,1.5万,不适用,https://www.levels.fyi/zh-cn/companies/coinbase/salaries/data-scientist?country=254,2026-03-12 17:26:58
Coinbase,数据科学家,United States,"CoinbaseSan Francisco, CA",2026/02/18,IC5,Finance,4年,1年,37167,1.8万,1.8万,1833.3,https://www.levels.fyi/zh-cn/companies/coinbase/salaries/data-scientist?country=254,2026-03-12 17:26:58
Coinbase,数据科学家,United States,"CoinbaseLos Angeles, CA",2025/10/16,IC3,Consumer,0年,0年,13642,1.2万,1041.7,600,https://www.levels.fyi/zh-cn/companies/coinbase/salaries/data-scientist?country=254,2026-03-12 17:26:58
Coinbase,数据科学家,United States - San Francisco Bay Area,"CoinbaseSan Francisco, CA",2025/10/15,IC4,Consumer,3年,1年,22667,1.5万,6333.3,1000,https://www.levels.fyi/zh-cn/companies/coinbase/salaries/data-scientist/locations/san-francisco-bay-area?dma=807,2026-03-12 17:27:03
Coinbase,数据科学家,United States - San Francisco Bay Area,"CoinbaseSan Francisco, CA",2025/10/01,IC5,Finance,7年,7年,34167,1.8万,1.5万,1833.3,https://www.levels.fyi/zh-cn/companies/coinbase/salaries/data-scientist/locations/san-francisco-bay-area?dma=807,2026-03-12 17:27:03
Coinbase,数据科学家,United States - New York City Area,"CoinbaseNew York, NY",2025/08/12,IC5,Consumer,7年,2年,33333,1.7万,1.5万,1666.7,https://www.levels.fyi/zh-cn/companies/coinbase/salaries/data-scientist/locations/new-york-city-area?dma=501,2026-03-12 17:27:08
Coinbase,数据科学家,United States - New York City Area,"CoinbaseNew York, NY",2024/11/15,IC6,Risk,10年,3年,45667,2万,2.3万,3000,https://www.levels.fyi/zh-cn/companies/coinbase/salaries/data-scientist/locations/new-york-city-area?dma=501,2026-03-12 17:27:08
Coinbase,技术项目经理,United States,"CoinbaseNew York, NY",2026/01/22,IC8,-,20年,2年,95000,2.7万,6.3万,5833.3,https://www.levels.fyi/zh-cn/companies/coinbase/salaries/technical-program-manager?country=254,2026-03-12 17:27:36
Coinbase,技术项目经理,United States,"CoinbaseSan Francisco, CA",2026/01/18,IC7,-,20年,4年,50000,2.5万,2.5万,不适用,https://www.levels.fyi/zh-cn/companies/coinbase/salaries/technical-program-manager?country=254,2026-03-12 17:27:36
Coinbase,技术项目经理,United States,"CoinbaseNew York, NY",2025/08/12,IC5,-,10年,1年,28333,1.6万,1万,1666.7,https://www.levels.fyi/zh-cn/companies/coinbase/salaries/technical-program-manager?country=254,2026-03-12 17:27:36
Coinbase,招聘专员,United States,"CoinbaseNew York, NY",2026/01/08,IC5,Product/Design/Research,8年,5年,18250,1.3万,4166.7,1250,https://www.levels.fyi/zh-cn/companies/coinbase/salaries/recruiter?country=254,2026-03-12 17:28:02
Coinbase,招聘专员,United States,"CoinbaseSan Francisco, CA",2025/09/25,IC5,Leadership,10年,1年,17917,1.3万,4166.7,1250,https://www.levels.fyi/zh-cn/companies/coinbase/salaries/recruiter?country=254,2026-03-12 17:28:02
Coinbase,招聘专员,United States,"CoinbaseAustin, TX",2025/04/09,IC6,Sourcing,13年,4年,23333,1.4万,7500,2333.3,https://www.levels.fyi/zh-cn/companies/coinbase/salaries/recruiter?country=254,2026-03-12 17:28:02
Coinbase,软件工程经理,United States,"CoinbaseAtlanta, GA",2026/03/03,M6,-,18年,5年,58333,2万,3.5万,3333.3,https://www.levels.fyi/zh-cn/companies/coinbase/salaries/software-engineering-manager?country=254,2026-03-12 17:28:24
Coinbase,软件工程经理,United States,"CoinbaseSan Francisco, CA",2026/02/28,M7,-,25年,4年,45667,2.3万,1.9万,4500,https://www.levels.fyi/zh-cn/companies/coinbase/salaries/software-engineering-manager?country=254,2026-03-12 17:28:24
Coinbase,软件工程经理,United States,"CoinbaseSan Francisco, CA",2025/11/24,M8,-,,11+年,62500,6.3万,不适用,不适用,https://www.levels.fyi/zh-cn/companies/coinbase/salaries/software-engineering-manager?country=254,2026-03-12 17:28:24
Coinbase,软件工程经理,United States - San Francisco Bay Area,"CoinbaseSan Francisco, CA",2025/10/25,M7,AI/ML,18年,3年,67500,2.6万,3.8万,4166.7,https://www.levels.fyi/zh-cn/companies/coinbase/salaries/software-engineering-manager/locations/san-francisco-bay-area?dma=807,2026-03-12 17:28:30
Coinbase,软件工程经理,United States - Greater Seattle Area,"CoinbaseSeattle, WA",2025/07/21,M6,-,20年,3年,47500,2.1万,2.3万,3166.7,https://www.levels.fyi/zh-cn/companies/coinbase/salaries/software-engineering-manager/locations/greater-seattle-area?dma=819,2026-03-12 17:28:35
Coinbase,软件工程经理,United States - Greater Seattle Area,"CoinbaseSeattle, WA",2025/05/05,M6,-,9年,3年,48500,2.1万,2.3万,4166.7,https://www.levels.fyi/zh-cn/companies/coinbase/salaries/software-engineering-manager/locations/greater-seattle-area?dma=819,2026-03-12 17:28:35
Coinbase,软件工程经理,Canada,"CoinbaseToronto, ON, Canada",2026/02/19,M6,-,13年,1年,32260,1.3万,1.7万,1947.8,https://www.levels.fyi/zh-cn/companies/coinbase/salaries/software-engineering-manager/locations/canada?country=43,2026-03-12 17:28:40
Coinbase,软件工程经理,Canada,"CoinbaseVancouver, BC, Canada",2026/01/12,M6,-,10年,3年,24129,2.4万,不适用,不适用,https://www.levels.fyi/zh-cn/companies/coinbase/salaries/software-engineering-manager/locations/canada?country=43,2026-03-12 17:28:40
Coinbase,网络安全分析师,United States,"CoinbaseMiami, FL",2025/08/25,IC4,Cyber Risk,4年,2年,12917,1万,2500,416.7,https://www.levels.fyi/zh-cn/companies/coinbase/salaries/security-analyst?country=254,2026-03-12 17:29:06
Coinbase,网络安全分析师,United States,"CoinbaseNorth Chicago, IL",2025/07/01,IC4,Security,4年,0年,15750,1.2万,3750,不适用,https://www.levels.fyi/zh-cn/companies/coinbase/salaries/security-analyst?country=254,2026-03-12 17:29:06
Coinbase,网络安全分析师,United States,"CoinbaseCharlotte, NC",2025/06/01,IC4,Cyber Risk,5年,0年,15233,1.1万,3333.3,566.7,https://www.levels.fyi/zh-cn/companies/coinbase/salaries/security-analyst?country=254,2026-03-12 17:29:06
Coinbase,市场营销,United States,"CoinbaseNew York, NY",2026/01/01,IC3,-,7年,2年,10417,1万,不适用,不适用,https://www.levels.fyi/zh-cn/companies/coinbase/salaries/marketing?country=254,2026-03-12 17:29:28
Coinbase,市场营销,United States,"CoinbaseSan Francisco, CA",2025/08/03,IC5,-,5年,0年,12500,1.3万,不适用,不适用,https://www.levels.fyi/zh-cn/companies/coinbase/salaries/marketing?country=254,2026-03-12 17:29:28
Coinbase,市场营销,United States,"CoinbaseNew York, NY",2025/04/22,IC4,-,5年,0年,14167,1.4万,不适用,不适用,https://www.levels.fyi/zh-cn/companies/coinbase/salaries/marketing?country=254,2026-03-12 17:29:28
Coinbase,财务分析师,United States,"CoinbaseAustin, TX",2026/02/27,IC4,Planning,4年,2年,11917,9000,2500,416.7,https://www.levels.fyi/zh-cn/companies/coinbase/salaries/financial-analyst?country=254,2026-03-12 17:29:48
Coinbase,财务分析师,United States,"CoinbaseNew York, NY",2025/11/11,IC3,Planning,2年,1年,11500,9333.3,1666.7,500,https://www.levels.fyi/zh-cn/companies/coinbase/salaries/financial-analyst?country=254,2026-03-12 17:29:48
Coinbase,财务分析师,United States - New York City Area,"CoinbaseNew York, NY",2025/07/29,IC3,Planning,1年,1年,12500,9166.7,1666.7,1666.7,https://www.levels.fyi/zh-cn/companies/coinbase/salaries/financial-analyst/locations/new-york-city-area?dma=501,2026-03-12 17:29:53
Coinbase,项目经理,,"CoinbaseAtlanta, GA",2025/07/17,IC7,-,10年,4年,32833,1.7万,1.3万,3333.3,https://www.levels.fyi/zh-cn/companies/coinbase/salaries/project-manager,2026-03-12 17:30:04
Coinbase,项目经理,,"CoinbaseSan Francisco, CA",2024/05/10,IC8,HR,15年,2年,51667,2.3万,2.5万,4166.7,https://www.levels.fyi/zh-cn/companies/coinbase/salaries/project-manager,2026-03-12 17:30:04
Coinbase,数据分析师,United States,"CoinbaseNew York, NY",2025/05/13,Contractor,Marketing,9年,4年,15917,1.6万,不适用,不适用,https://www.levels.fyi/zh-cn/companies/coinbase/salaries/data-analyst?country=254,2026-03-12 17:30:20
Coinbase,数据分析师,United States,"CoinbaseSeattle, WA",2025/04/12,IC4,-,8年,1年,14583,1.5万,不适用,不适用,https://www.levels.fyi/zh-cn/companies/coinbase/salaries/data-analyst?country=254,2026-03-12 17:30:20
Coinbase,业务拓展,,"CoinbaseLos Angeles, CA",2026/01/14,IC5,Payments,5年,0年,24300,1.6万,6333.3,1633.3,https://www.levels.fyi/zh-cn/companies/coinbase/salaries/business-development,2026-03-12 17:30:37
Coinbase,业务拓展,,"CoinbaseSan Francisco, CA",2024/09/17,IC7,Payments,,5-10年,39833,2万,1.7万,3000,https://www.levels.fyi/zh-cn/companies/coinbase/salaries/business-development,2026-03-12 17:30:37
Coinbase,信息技术专员,,"CoinbaseSan Francisco, CA",2025/08/17,IC7,HR Engineering,25年,3年,42500,2.3万,1.7万,3333.3,https://www.levels.fyi/zh-cn/companies/coinbase/salaries/information-technologist,2026-03-12 17:30:44
Coinbase,信息技术专员,,"CoinbaseSan Francisco, CA",2023/08/26,IC3,IAM,8年,0年,31133,1.5万,1.5万,1466.7,https://www.levels.fyi/zh-cn/companies/coinbase/salaries/information-technologist,2026-03-12 17:30:44
Coinbase,数据科学经理,,"CoinbaseSeattle, WA",2023/01/09,IC6,Analytics,7年,1年,31667,1.9万,1万,2833.3,https://www.levels.fyi/zh-cn/companies/coinbase/salaries/data-science-manager,2026-03-12 17:30:51
Coinbase,数据科学经理,,"CoinbaseSeattle, WA",2022/10/16,IC6,Analytics,6年,1年,31833,1.9万,1万,3000,https://www.levels.fyi/zh-cn/companies/coinbase/salaries/data-science-manager,2026-03-12 17:30:51
Coinbase,法务,,"CoinbaseNew York, NY",2023/04/14,IC6,Legal,9年,1年,32167,2.1万,8333.3,3166.7,https://www.levels.fyi/zh-cn/companies/coinbase/salaries/legal,2026-03-12 17:30:58
Coinbase,法务,,"CoinbaseNew York, NY",2023/02/11,IC7,Tag,10年,2年,42000,2.5万,1.5万,2500,https://www.levels.fyi/zh-cn/companies/coinbase/salaries/legal,2026-03-12 17:30:58
Coinbase,人力资源,,"CoinbaseNew York, NY",2024/10/28,IC4,-,10年,3年,9500,9500,不适用,不适用,https://www.levels.fyi/zh-cn/companies/coinbase/salaries/human-resources,2026-03-12 17:31:56
Coinbase,人力资源,,"CoinbaseSan Francisco, CA",2024/07/01,IC5,Recruiting,10年,3年,14167,1.3万,不适用,1666.7,https://www.levels.fyi/zh-cn/companies/coinbase/salaries/human-resources,2026-03-12 17:31:56
Coinbase,人力资源,,"CoinbaseNew York, NY",2024/02/29,IC6,Analytics,14年,2年,30833,1.7万,1.1万,3333.3,https://www.levels.fyi/zh-cn/companies/coinbase/salaries/human-resources,2026-03-12 17:31:56
Coinbase,用户体验研究员,,"CoinbaseNew York, NY",2023/02/01,IC7,User Research,10年,0年,40050,2万,1.7万,3050,https://www.levels.fyi/zh-cn/companies/coinbase/salaries/ux-researcher,2026-03-12 17:32:31
Coinbase,用户体验研究员,,"CoinbaseNew York, NY",2023/02/01,IC6,User Research,5年,0年,29500,1.7万,1万,2500,https://www.levels.fyi/zh-cn/companies/coinbase/salaries/ux-researcher,2026-03-12 17:32:31
Kraken,软件工程师,United States,"KrakenLos Angeles, CA",2026/02/06,L3,Data,7年,2年,22500,1.8万,2500,2500,https://www.levels.fyi/zh-cn/companies/kraken/salaries/software-engineer?country=254,2026-03-12 17:32:51
Kraken,软件工程师,United States,"KrakenSan Francisco, CA",2025/10/28,L4,Data,9年,4年,31833,1.3万,1.9万,不适用,https://www.levels.fyi/zh-cn/companies/kraken/salaries/software-engineer?country=254,2026-03-12 17:32:51
Kraken,软件工程师,United States,"KrakenLos Angeles, CA",2025/08/26,L4,DevOps,7年,3年,13750,1.4万,不适用,不适用,https://www.levels.fyi/zh-cn/companies/kraken/salaries/software-engineer?country=254,2026-03-12 17:32:51
Kraken,软件工程师,United States - San Francisco Bay Area,"KrakenSan Francisco, CA",2025/06/30,L4,Distributed Systems (Back-End),12年,2年,32167,2万,9166.7,3000,https://www.levels.fyi/zh-cn/companies/kraken/salaries/software-engineer/locations/san-francisco-bay-area?dma=807,2026-03-12 17:33:01
Kraken,客户服务,,"KrakenNew York, NY",2024/09/10,L1,Coustomer,0年,0年,4367,4366.8,不适用,不适用,https://www.levels.fyi/zh-cn/companies/kraken/salaries/customer-service,2026-03-12 17:33:13
Kraken,客户服务,,"KrakenNew York, NY",2024/09/10,L1,Support,1年,0年,3333,3333.3,不适用,不适用,https://www.levels.fyi/zh-cn/companies/kraken/salaries/customer-service,2026-03-12 17:33:13
Kraken,产品经理,,"KrakenSeattle, WA",2025/11/20,L6,Growth,10年,1年,45000,2.1万,2.1万,3333.3,https://www.levels.fyi/zh-cn/companies/kraken/salaries/product-manager,2026-03-12 17:33:20
Kraken,产品经理,,"KrakenSan Francisco, CA",2025/01/01,L3,Infrastructure,5年,1年,14167,1.3万,833.3,不适用,https://www.levels.fyi/zh-cn/companies/kraken/salaries/product-manager,2026-03-12 17:33:20
Gemini,软件工程师,United States,"GeminiNew York, NY",2026/02/28,Staff Software Engineer,API Development (Back-End),10年,3年,16667,1.7万,不适用,不适用,https://www.levels.fyi/zh-cn/companies/gemini/salaries/software-engineer?country=254,2026-03-12 17:35:03
Gemini,软件工程师,United States,"GeminiNew York, NY",2026/02/25,Senior Software Engineer,API Development (Back-End),18年,4年,21333,2万,833.3,833.3,https://www.levels.fyi/zh-cn/companies/gemini/salaries/software-engineer?country=254,2026-03-12 17:35:03
Gemini,软件工程师,United States,"GeminiSeattle, WA",2026/02/25,Principal Software Engineer,API Development (Back-End),12年,4年,34333,2.3万,8333.3,3333.3,https://www.levels.fyi/zh-cn/companies/gemini/salaries/software-engineer?country=254,2026-03-12 17:35:03
Gemini,软件工程师,United States - New York City Area,"GeminiNew York, NY",2026/01/31,Staff Software Engineer,Mobile (iOS + Android),17年,4年,21333,1.9万,2666.7,不适用,https://www.levels.fyi/zh-cn/companies/gemini/salaries/software-engineer/locations/new-york-city-area?dma=501,2026-03-12 17:35:08
Gemini,软件工程师,United States - Greater Seattle Area,"GeminiSeattle, WA",2025/12/12,Software Engineer,Web Development (Front-End),7年,1年,13250,1.2万,833.3,不适用,https://www.levels.fyi/zh-cn/companies/gemini/salaries/software-engineer/locations/greater-seattle-area?dma=819,2026-03-12 17:35:14
Gemini,软件工程师,United Kingdom,"GeminiLondon, EN, United Kingdom",2026/02/09,Software Engineer,Blockchain,2年,1年,8528,8527.7,不适用,不适用,https://www.levels.fyi/zh-cn/companies/gemini/salaries/software-engineer/locations/united-kingdom?country=253,2026-03-12 17:35:18
Gemini,产品经理,United States,"GeminiNew York, NY",2025/08/29,Product Manager,Growth,12年,1年,23000,+US$1250,,,https://www.levels.fyi/zh-cn/companies/gemini/salaries/product-manager?country=254,2026-03-12 17:35:44
Gemini,产品经理,United States,"GeminiMiami, FL",2025/03/21,Principal Product Manager,General,15年,1年,20000,2万,不适用,不适用,https://www.levels.fyi/zh-cn/companies/gemini/salaries/product-manager?country=254,2026-03-12 17:35:44
Gemini,产品设计师,,"GeminiSingapore, SG, Singapore",2026/02/25,Senior Product Designer,Web and Mobile,4年,1年,10594,8224.8,1513.4,855.4,https://www.levels.fyi/zh-cn/companies/gemini/salaries/product-designer,2026-03-12 17:35:54
Gemini,产品设计师,,"GeminiNew York, NY",2023/09/29,L2,User Experience (UX),3年,1年,8333,8333.3,不适用,不适用,https://www.levels.fyi/zh-cn/companies/gemini/salaries/product-designer,2026-03-12 17:35:54
Gemini,招聘专员,,"GeminiNew York, NY",2025/04/18,ADF3,Sourcing,6年,1年,10000,1万,不适用,不适用,https://www.levels.fyi/zh-cn/companies/gemini/salaries/recruiter,2026-03-12 17:35:59
Gemini,招聘专员,,"GeminiSan Francisco, CA",2022/09/08,L6,Leadership,15年,1年,21667,1.9万,不适用,2500,https://www.levels.fyi/zh-cn/companies/gemini/salaries/recruiter,2026-03-12 17:35:59
Gemini,软件工程经理,,"GeminiNew York, NY",2025/11/24,L4,hidden,,11+年,26333,2.1万,4166.7,1500,https://www.levels.fyi/zh-cn/companies/gemini/salaries/software-engineering-manager,2026-03-12 17:36:05
Gemini,软件工程经理,,"GeminiNew Delhi, DL, India",2023/09/01,ADF5,-,8年,0年,11490,9574.8,不适用,1915,https://www.levels.fyi/zh-cn/companies/gemini/salaries/software-engineering-manager,2026-03-12 17:36:05
Gemini,市场营销,,"GeminiNew York, NY",2023/01/11,,hidden,,5-10年,16667,1.7万,不适用,不适用,https://www.levels.fyi/zh-cn/companies/gemini/salaries/marketing,2026-03-12 17:36:41
Gemini,市场营销,,"GeminiNew York, NY",2022/08/01,1,-,5年,5年,10000,1万,不适用,不适用,https://www.levels.fyi/zh-cn/companies/gemini/salaries/marketing,2026-03-12 17:36:41
Crypto.com,软件工程师,Taiwan,"Crypto.comTaipei, TP, Taiwan",2026/01/21,L3,API Development (Back-End),3年,1年,5590,4482.6,1107.5,不适用,https://www.levels.fyi/zh-cn/companies/cryptocom/salaries/software-engineer?country=236,2026-03-12 17:37:19
Crypto.com,软件工程师,Taiwan,"Crypto.comTaipei, TP, Taiwan",2026/01/20,Senior,API Development (Back-End),8年,4年,6325,6325.2,不适用,不适用,https://www.levels.fyi/zh-cn/companies/cryptocom/salaries/software-engineer?country=236,2026-03-12 17:37:19
Crypto.com,软件工程师,Taiwan,"Crypto.comTaipei, TP, Taiwan",2025/08/22,L3,Full Stack,15年,1年,7360,7359.6,不适用,不适用,https://www.levels.fyi/zh-cn/companies/cryptocom/salaries/software-engineer?country=236,2026-03-12 17:37:19
Crypto.com,软件工程师,Hong Kong (SAR),"Crypto.comHong Kong, HK, Hong Kong (SAR)",2025/11/05,-,Full Stack,8年,3年,6966,6430.1,535.8,不适用,https://www.levels.fyi/zh-cn/companies/cryptocom/salaries/software-engineer/locations/hong-kong-sar?country=109,2026-03-12 17:37:29
Crypto.com,软件工程师,Hong Kong (SAR),"Crypto.comHong Kong, HK, Hong Kong (SAR)",2025/04/16,L3,Full Stack,5年,1年,8589,6871.3,1717.8,不适用,https://www.levels.fyi/zh-cn/companies/cryptocom/salaries/software-engineer/locations/hong-kong-sar?country=109,2026-03-12 17:37:29
Crypto.com,软件工程师,Hong Kong (SAR),"Crypto.comHong Kong, HK, Hong Kong (SAR)",2025/01/20,Senior,Distributed Systems (Back-End),3年,0年,7228,5782.2,1445.5,不适用,https://www.levels.fyi/zh-cn/companies/cryptocom/salaries/software-engineer/locations/hong-kong-sar?country=109,2026-03-12 17:37:29
Crypto.com,软件工程师,Singapore,"Crypto.comSingapore, SG, Singapore",2025/04/11,2,Data,3年,1年,6758,5256.5,750.9,750.9,https://www.levels.fyi/zh-cn/companies/cryptocom/salaries/software-engineer/locations/singapore?country=219,2026-03-12 17:37:40
Crypto.com,软件工程师,Singapore,"Crypto.comSingapore, SG, Singapore",2025/03/31,L3,General,1年,0年,5583,5583.3,不适用,不适用,https://www.levels.fyi/zh-cn/companies/cryptocom/salaries/software-engineer/locations/singapore?country=219,2026-03-12 17:37:40
Crypto.com,产品经理,,"Crypto.comSingapore, SG, Singapore",2025/08/14,,hidden,,5-10年,13738,9375.6,1757.9,2604.3,https://www.levels.fyi/zh-cn/companies/cryptocom/salaries/product-manager,2026-03-12 17:37:49
Crypto.com,产品经理,,"Crypto.comNew York, NY",2025/05/14,L3,Technical,2年,2年,10000,1万,不适用,不适用,https://www.levels.fyi/zh-cn/companies/cryptocom/salaries/product-manager,2026-03-12 17:37:49
OKX,软件工程师,Singapore,"OKXSingapore, SG, Singapore",7 days ago,P4,API Development (Back-End),1年,1年,5854,5853.7,不适用,不适用,https://www.levels.fyi/zh-cn/companies/okx/salaries/software-engineer?country=219,2026-03-12 17:39:08
OKX,软件工程师,Singapore,"OKXSingapore, SG, Singapore",2026/02/19,L6,Data,6年,2年,13481,1.2万,1644,不适用,https://www.levels.fyi/zh-cn/companies/okx/salaries/software-engineer?country=219,2026-03-12 17:39:08
OKX,软件工程师,Singapore,"OKXSingapore, SG, Singapore",2026/02/17,P6.1,Mobile (iOS + Android),10年,2年,15844,1.2万,1980.5,1980.5,https://www.levels.fyi/zh-cn/companies/okx/salaries/software-engineer?country=219,2026-03-12 17:39:08
OKX,软件工程师,Hong Kong (SAR),"OKXHong Kong, HK, Hong Kong (SAR)",2026/02/08,P6.2,API Development (Back-End),8年,5年,14717,1.4万,853.2,不适用,https://www.levels.fyi/zh-cn/companies/okx/salaries/software-engineer/locations/hong-kong-sar?country=109,2026-03-12 17:39:13
OKX,软件工程师,Hong Kong (SAR),"OKXHong Kong, HK, Hong Kong (SAR)",2026/02/05,P5,API Development (Back-End),2年,2年,12373,1.2万,不适用,不适用,https://www.levels.fyi/zh-cn/companies/okx/salaries/software-engineer/locations/hong-kong-sar?country=109,2026-03-12 17:39:13
OKX,软件工程师,Hong Kong (SAR),"OKXHong Kong, HK, Hong Kong (SAR)",2026/02/04,P5,Blockchain,5年,0年,6825,6398.1,426.5,不适用,https://www.levels.fyi/zh-cn/companies/okx/salaries/software-engineer/locations/hong-kong-sar?country=109,2026-03-12 17:39:13
OKX,软件工程师,United States,"OKXNew York, NY",2 days ago,P5,Security,7年,0年,13042,1.2万,1041.7,不适用,https://www.levels.fyi/zh-cn/companies/okx/salaries/software-engineer/locations/united-states?country=254,2026-03-12 17:39:23
OKX,软件工程师,United States,"OKXSan Jose, CA",2026/02/04,P4,ML / AI,1年,1年,11667,1.2万,不适用,不适用,https://www.levels.fyi/zh-cn/companies/okx/salaries/software-engineer/locations/united-states?country=254,2026-03-12 17:39:23
OKX,软件工程师,United States,"OKXSan Jose, CA",2026/01/09,P6.1,Testing (SDET),10年,2年,20833,1.8万,2500,不适用,https://www.levels.fyi/zh-cn/companies/okx/salaries/software-engineer/locations/united-states?country=254,2026-03-12 17:39:23
OKX,软件工程师,United States - San Francisco Bay Area,"OKXSan Jose, CA",2025/12/19,L6,Security,15年,1年,50000,2.8万,1.7万,5000,https://www.levels.fyi/zh-cn/companies/okx/salaries/software-engineer/locations/san-francisco-bay-area?dma=807,2026-03-12 17:39:28
OKX,软件工程师,China,"OKXBeijing, BJ, China",2026/02/25,P5,Distributed Systems (Back-End),3年,3年,4891,4188.4,不适用,702.1,https://www.levels.fyi/zh-cn/companies/okx/salaries/software-engineer/locations/china?country=49,2026-03-12 17:39:33
OKX,软件工程师,China,"OKXBeijing, BJ, China",2025/12/03,P7.1,Full Stack,7年,2年,13200,1.3万,471.4,不适用,https://www.levels.fyi/zh-cn/companies/okx/salaries/software-engineer/locations/china?country=49,2026-03-12 17:39:33
OKX,软件工程师,China,"OKXGuangdong, GD, China",2025/05/16,P6.2,Blockchain,10年,0年,8441,6706.4,1734.4,不适用,https://www.levels.fyi/zh-cn/companies/okx/salaries/software-engineer/locations/china?country=49,2026-03-12 17:39:33
OKX,产品经理,Singapore,"OKXSingapore, SG, Singapore",2026/01/21,P6.2,Internal,8年,3年,16250,1.2万,2599.9,1949.9,https://www.levels.fyi/zh-cn/companies/okx/salaries/product-manager?country=219,2026-03-12 17:40:01
OKX,产品经理,Singapore,"OKXSingapore, SG, Singapore",2025/12/18,P6.1,General,5年,0年,7743,7742.9,不适用,不适用,https://www.levels.fyi/zh-cn/companies/okx/salaries/product-manager?country=219,2026-03-12 17:40:01
OKX,产品经理,Singapore,"OKXSingapore, SG, Singapore",2025/09/30,P6.2,Technical,6年,0年,10850,1.1万,不适用,不适用,https://www.levels.fyi/zh-cn/companies/okx/salaries/product-manager?country=219,2026-03-12 17:40:01
OKX,产品经理,Hong Kong (SAR),"OKXHong Kong, HK, Hong Kong (SAR)",2026/01/08,P7.1,Consumer,7年,4年,25879,1.9万,不适用,6416.4,https://www.levels.fyi/zh-cn/companies/okx/salaries/product-manager/locations/hong-kong-sar?country=109,2026-03-12 17:40:06
OKX,产品经理,Hong Kong (SAR),"OKXHong Kong, HK, Hong Kong (SAR)",2026/01/06,P6.2,Technical,7年,2年,8564,8563.6,不适用,不适用,https://www.levels.fyi/zh-cn/companies/okx/salaries/product-manager/locations/hong-kong-sar?country=109,2026-03-12 17:40:06
OKX,产品经理,Hong Kong (SAR),"OKXHong Kong, HK, Hong Kong (SAR)",2025/09/17,P7.2,General,10年,3年,32151,2.1万,不适用,1.1万,https://www.levels.fyi/zh-cn/companies/okx/salaries/product-manager/locations/hong-kong-sar?country=109,2026-03-12 17:40:06
Okx,产品经理,United States,"OkxSan Jose, CA",2025/07/04,6-2,Growth,10年,2年,19417,1.7万,不适用,2750,https://www.levels.fyi/zh-cn/companies/okx/salaries/product-manager/locations/united-states?country=254,2026-03-12 17:40:16
OKX,产品经理,United States,"OKXNew York, NY",2025/06/01,P6.2,Growth,7年,0年,38584,+US$3166.7,,,https://www.levels.fyi/zh-cn/companies/okx/salaries/product-manager/locations/united-states?country=254,2026-03-12 17:40:16
OKX,产品经理,United States,"OKXSan Francisco, CA",2024/10/29,P6.2,General,9年,0年,31167,+US$2000,,,https://www.levels.fyi/zh-cn/companies/okx/salaries/product-manager/locations/united-states?country=254,2026-03-12 17:40:16
OKX,数据分析师,Singapore,"OKXSingapore, SG, Singapore",2025/06/01,P5,-,4年,1年,10773,9224.9,不适用,1548.2,https://www.levels.fyi/zh-cn/companies/okx/salaries/data-analyst?country=219,2026-03-12 17:40:35
OKX,数据分析师,Singapore,"OKXSingapore, SG, Singapore",2025/05/06,L6-1,-,9年,1年,10041,8110.2,不适用,1931,https://www.levels.fyi/zh-cn/companies/okx/salaries/data-analyst?country=219,2026-03-12 17:40:35
OKX,软件工程经理,,"OKXSingapore, SG, Singapore",2025/04/17,Manager,Mobile,11年,1年,22587,1.5万,4821.9,2537.8,https://www.levels.fyi/zh-cn/companies/okx/salaries/software-engineering-manager,2026-03-12 17:40:46
OKX,软件工程经理,,"OKXSingapore, SG, Singapore",2024/12/31,Manager,-,11年,0年,22068,2.2万,不适用,不适用,https://www.levels.fyi/zh-cn/companies/okx/salaries/software-engineering-manager,2026-03-12 17:40:46
OKX,业务分析师,,"OKXHong Kong, HK, Hong Kong (SAR)",2024/10/17,P6.1,Analysis,7年,3年,10291,1万,不适用,不适用,https://www.levels.fyi/zh-cn/companies/okx/salaries/business-analyst,2026-03-12 17:40:54
BitMEX,软件工程师,,"BitMEXHong Kong, HK, Hong Kong (SAR)",2023/12/29,L5,DevOps,7年,3年,10250,1万,不适用,不适用,https://www.levels.fyi/zh-cn/companies/bitmex/salaries/software-engineer,2026-03-12 17:42:38
BitMEX,软件工程师,,"BitMEXHong Kong, HK, Hong Kong (SAR)",2022/01/31,L3,Distributed Systems (Back-End),6年,2年,9618,8015.3,不适用,1603.1,https://www.levels.fyi/zh-cn/companies/bitmex/salaries/software-engineer,2026-03-12 17:42:38
AscendEX,软件工程师,United States,"AscendEXNew York, NY",2025/07/26,L3,API Development (Back-End),3年,1年,9167,9166.7,不适用,不适用,https://www.levels.fyi/zh-cn/companies/ascendex/salaries/software-engineer?country=254,2026-03-12 17:44:27
Bybit,软件工程师,Malaysia,"BybitKuala Lumpur, KL, Malaysia",2026/02/03,P5,API Development (Back-End),4年,1年,12865,8632.7,不适用,4231.7,https://www.levels.fyi/zh-cn/companies/bybit/salaries/software-engineer?country=149,2026-03-12 17:45:41
Bybit,软件工程师,Malaysia,"BybitKuala Lumpur, KL, Malaysia",2025/12/19,P5,API Development (Back-End),8年,0年,9417,6833.3,不适用,2583.3,https://www.levels.fyi/zh-cn/companies/bybit/salaries/software-engineer?country=149,2026-03-12 17:45:41
Bybit,数据分析师,,"BybitSingapore, SG, Singapore",2024/01/30,Senior Data Scientist,"NLP,  Machine learning",5年,2年,9830,6719.5,不适用,3110.9,https://www.levels.fyi/zh-cn/companies/bybit/salaries/data-analyst,2026-03-12 17:46:03
Ava Labs,软件工程师,United States,"Ava LabsNew York, NY",2026/03/03,Staff,Blockchain,6年,1年,25833,1.9万,不适用,6666.7,https://www.levels.fyi/zh-cn/companies/ava-labs/salaries/software-engineer?country=254,2026-03-12 17:47:27
Ava Labs,软件工程师,United States,"Ava LabsLos Angeles, CA",2025/08/13,Staff Engineer,Data,7年,2年,24833,2万,4833.3,不适用,https://www.levels.fyi/zh-cn/companies/ava-labs/salaries/software-engineer?country=254,2026-03-12 17:47:27
Ava Labs,软件工程师,United States,"Ava LabsBrooklyn, NY",2025/07/06,L2,Data,3年,3年,13833,1万,3833.3,不适用,https://www.levels.fyi/zh-cn/companies/ava-labs/salaries/software-engineer?country=254,2026-03-12 17:47:27
Polygon Technology,软件工程师,,"Polygon TechnologyAtlanta, GA",2023/10/01,L3,Blockchain,11年,1年,18333,1.7万,1666.7,不适用,https://www.levels.fyi/zh-cn/companies/polygon-technology/salaries/software-engineer,2026-03-12 17:48:52
Polygon Technology,软件工程师,,"Polygon TechnologyBengaluru, KA, India",2023/07/16,L1,Software Engineer,1年,1年,1117,1116.8,不适用,不适用,https://www.levels.fyi/zh-cn/companies/polygon-technology/salaries/software-engineer,2026-03-12 17:48:52
Polygon Technology,软件工程师,,"Polygon TechnologyNew York, NY",2023/06/26,L3,DevOps,8年,1年,18333,1.7万,1666.7,不适用,https://www.levels.fyi/zh-cn/companies/polygon-technology/salaries/software-engineer,2026-03-12 17:48:52
Ripple,数据科学家,United States,"RippleSan Francisco, CA",2025/12/16,Data Scientist II,Finance,7年,3年,15000,1.4万,不适用,833.3,https://www.levels.fyi/zh-cn/companies/ripple/salaries/data-scientist?country=254,2026-03-12 17:50:58
Ripple,数据科学家,United States,"RippleSan Francisco, CA",2025/08/05,Data Scientist II,Finance,5年,2年,13333,1.3万,不适用,不适用,https://www.levels.fyi/zh-cn/companies/ripple/salaries/data-scientist?country=254,2026-03-12 17:50:58
Ripple,产品经理,,"RippleAtlanta, GA",2024/04/07,Product Manager II,Product,5年,2年,10417,1万,不适用,不适用,https://www.levels.fyi/zh-cn/companies/ripple/salaries/product-manager,2026-03-12 17:51:15
Ripple,产品经理,,"RippleSan Francisco, CA",2024/03/07,5,Product,10年,2年,23833,2万,不适用,4166.7,https://www.levels.fyi/zh-cn/companies/ripple/salaries/product-manager,2026-03-12 17:51:15
Ripple,用户体验研究员,,"RippleSan Francisco, CA",2024/11/24,-,-,4年,3年,16417,1.3万,2500,1250,https://www.levels.fyi/zh-cn/companies/ripple/salaries/ux-researcher,2026-03-12 17:51:22
Ripple,用户体验研究员,,"RippleSan Francisco, CA",2023/03/29,-,User Research,2年,1年,14833,+US$1250,,,https://www.levels.fyi/zh-cn/companies/ripple/salaries/ux-researcher,2026-03-12 17:51:22
Ripple,软件工程经理,,"RippleSan Francisco, CA",2022/12/01,L5,Distributed Systems (Back-End),18年,0年,19167,1.9万,不适用,不适用,https://www.levels.fyi/zh-cn/companies/ripple/salaries/software-engineering-manager,2026-03-12 17:52:13
Ripple,软件工程经理,,"RippleSan Francisco, CA",2022/08/01,500,Full Stack,14年,0年,44400,2.2万,1.7万,5733.3,https://www.levels.fyi/zh-cn/companies/ripple/salaries/software-engineering-manager,2026-03-12 17:52:13
Algorand,软件工程师,,"AlgorandBoston, MA",2024/03/05,L5,Blockchain,10年,2年,24167,1.8万,4166.7,1666.7,https://www.levels.fyi/zh-cn/companies/algorand/salaries/software-engineer,2026-03-12 17:53:09
Algorand,软件工程师,,"AlgorandBoston, MA",2023/12/01,,hidden,,2-4年,12500,1.3万,不适用,不适用,https://www.levels.fyi/zh-cn/companies/algorand/salaries/software-engineer,2026-03-12 17:53:09
Parity Technologies,软件工程师,United Kingdom,"Parity TechnologiesLondon, EN, United Kingdom",2025/11/12,L3,Blockchain,3年,0年,8012,8011.9,不适用,不适用,https://www.levels.fyi/zh-cn/companies/parity-technologies/salaries/software-engineer?country=253,2026-03-12 17:55:58
Consensys,市场营销,,"ConsensysSan Francisco, CA",2025/08/01,-,-,10年,4年,15833,1.6万,不适用,不适用,https://www.levels.fyi/zh-cn/companies/consensys/salaries/marketing,2026-03-12 17:58:24
Consensys,市场营销,,"ConsensysSan Francisco, CA",2024/12/01,L3,Crypto/Web3,12年,2年,18250,1.6万,不适用,1833.3,https://www.levels.fyi/zh-cn/companies/consensys/salaries/marketing,2026-03-12 17:58:24
Consensys,项目经理,,"ConsensysNew York, NY",2023/03/12,-,Project Manager,7年,1年,17250,1.3万,3000,1333.3,https://www.levels.fyi/zh-cn/companies/consensys/salaries/project-manager,2026-03-12 17:59:10
ConsenSys,软件工程师,United States,"ConsenSysNew York, NY",2026/02/21,IC4,Blockchain,9年,4年,16667,1.6万,833.3,不适用,https://www.levels.fyi/zh-cn/companies/consensys/salaries/software-engineer?country=254,2026-03-12 17:59:36
ConsenSys,软件工程师,United States,"ConsenSysDenver, CO",2026/01/27,IC5,Full Stack,,11+年,21333,1.6万,3333.3,2333.3,https://www.levels.fyi/zh-cn/companies/consensys/salaries/software-engineer?country=254,2026-03-12 17:59:36
Consensys,软件工程师,United States,"ConsensysDenver, CO",2025/09/10,IC5,Web Development (Front-End),18年,4年,20250,1.7万,不适用,2916.7,https://www.levels.fyi/zh-cn/companies/consensys/salaries/software-engineer?country=254,2026-03-12 17:59:36
Chainlink Labs,软件工程师,Argentina,"Chainlink LabsMendoza, MZ, Argentina",2025/12/12,L5,DevOps,14年,3年,12167,9833.3,不适用,2333.3,https://www.levels.fyi/zh-cn/companies/chainlink-labs/salaries/software-engineer?country=10,2026-03-12 18:00:16
Chainlink Labs,软件工程师,United Kingdom,"Chainlink LabsLondon, EN, United Kingdom",2025/07/01,Senior,Blockchain,,5-10年,19222,1.3万,6063.9,不适用,https://www.levels.fyi/zh-cn/companies/chainlink-labs/salaries/software-engineer/locations/united-kingdom?country=253,2026-03-12 18:00:21
Chainlink Labs,软件工程师,United Kingdom,"Chainlink LabsLondon, EN, United Kingdom",2025/03/22,4,Blockchain,10年,2年,23633,1.5万,8593.8,不适用,https://www.levels.fyi/zh-cn/companies/chainlink-labs/salaries/software-engineer/locations/united-kingdom?country=253,2026-03-12 18:00:22
Chainlink Labs,招聘专员,,"Chainlink LabsLos Angeles, CA",2023/06/01,L3,Operations,4年,1年,9583,9583.3,不适用,不适用,https://www.levels.fyi/zh-cn/companies/chainlink-labs/salaries/recruiter,2026-03-12 18:01:13
OpenSea,软件工程师,,"OpenSeaNew York, NY",2025/07/01,Staff,Full Stack,,5-10年,44417,2.2万,2.1万,1583.3,https://www.levels.fyi/zh-cn/companies/opensea/salaries/software-engineer,2026-03-12 18:01:48
OpenSea,软件工程师,,"OpenSeaSan Francisco, CA",2023/12/19,Software Engineer 2,General,5年,1年,36167,1.8万,1.9万,不适用,https://www.levels.fyi/zh-cn/companies/opensea/salaries/software-engineer,2026-03-12 18:01:48
OpenSea,软件工程师,,"OpenSeaSan Francisco, CA",2023/12/12,Software Engineer 2,Full Stack,10年,2年,27500,1.7万,1.1万,不适用,https://www.levels.fyi/zh-cn/companies/opensea/salaries/software-engineer,2026-03-12 18:01:48
Circle,招聘专员,United States,"CircleSan Diego, CA",2026/01/24,L3,Tech,10年,0年,16042,1.3万,1562.5,1979.2,https://www.levels.fyi/zh-cn/companies/circle/salaries/recruiter?country=254,2026-03-12 18:03:28
Circle,招聘专员,United States,"CircleNew York, NY",2025/11/10,L3,Sales,10年,3年,11000,8333.3,1666.7,1000,https://www.levels.fyi/zh-cn/companies/circle/salaries/recruiter?country=254,2026-03-12 18:03:28
Circle,软件工程经理,,"CircleWashington, DC",2025/07/01,L7,Security,10年,1年,36333,2万,1.7万,不适用,https://www.levels.fyi/zh-cn/companies/circle/salaries/software-engineering-manager,2026-03-12 18:03:39
Circle,软件工程经理,,"CircleNew York, NY",2024/12/12,L5,-,15年,3年,27500,2.3万,不适用,4166.7,https://www.levels.fyi/zh-cn/companies/circle/salaries/software-engineering-manager,2026-03-12 18:03:39
Circle,数据分析师,,"CircleChicago, IL",2025/12/17,L4,-,10年,0年,24458,1.6万,6250,2375,https://www.levels.fyi/zh-cn/companies/circle/salaries/data-analyst,2026-03-12 18:03:47
Circle,产品经理,,"CircleLos Angeles, CA",2024/09/16,L6,Enterprise,6年,2年,35500,1.9万,1.4万,2833.3,https://www.levels.fyi/zh-cn/companies/circle/salaries/product-manager,2026-03-12 18:03:55
Circle,产品经理,,"CircleBoston, MA",2024/04/30,L6,Product,12年,1年,35000,+US$1666.7,,,https://www.levels.fyi/zh-cn/companies/circle/salaries/product-manager,2026-03-12 18:03:55
Circle,数据科学家,,"CircleNew York, NY",2023/08/25,L3,L3,0年,0年,13917,1万,2500,1000,https://www.levels.fyi/zh-cn/companies/circle/salaries/data-scientist,2026-03-12 18:04:24
Paxos,软件工程师,,"PaxosTampa, FL",2026/01/17,L5,Data,10年,5年,19083,1.8万,666.7,不适用,https://www.levels.fyi/zh-cn/companies/paxos/salaries/software-engineer,2026-03-12 18:05:31
Paxos,软件工程师,,"PaxosSeattle, WA",2025/01/12,L6,Security,20年,2年,25833,2.6万,不适用,不适用,https://www.levels.fyi/zh-cn/companies/paxos/salaries/software-engineer,2026-03-12 18:05:31
Paxos,软件工程师,,"PaxosSan Francisco, CA",2025/01/07,L4,Data,7年,2年,17417,1.7万,不适用,不适用,https://www.levels.fyi/zh-cn/companies/paxos/salaries/software-engineer,2026-03-12 18:05:31
Paxos,产品经理,,"PaxosSan Francisco, CA",2024/04/01,L5,Enterprise,8年,2年,21667,1.9万,不适用,3000,https://www.levels.fyi/zh-cn/companies/paxos/salaries/product-manager,2026-03-12 18:05:41
Anchorage Digital,软件工程师,United States,"Anchorage DigitalLos Angeles, CA",2026/03/01,Mid Level,Data,8年,0年,21505,1.7万,4505,不适用,https://www.levels.fyi/zh-cn/companies/anchorage-digital/salaries/software-engineer?country=254,2026-03-12 18:08:56
Anchorage Digital,软件工程师,United States,"Anchorage DigitalNew York, NY",2026/02/02,L5,Distributed Systems (Back-End),10年,1年,30333,2万,1万,不适用,https://www.levels.fyi/zh-cn/companies/anchorage-digital/salaries/software-engineer?country=254,2026-03-12 18:08:56
Anchorage Digital,软件工程师,United States,"Anchorage DigitalNew York, NY",2026/02/02,L3,Distributed Systems (Back-End),10年,1年,30333,2万,1万,不适用,https://www.levels.fyi/zh-cn/companies/anchorage-digital/salaries/software-engineer?country=254,2026-03-12 18:08:56
Anchorage Digital,软件工程师,United States - New York City Area,"Anchorage DigitalNew York, NY",2026/01/31,L3,Distributed Systems (Back-End),10年,4年,17500,1.8万,不适用,不适用,https://www.levels.fyi/zh-cn/companies/anchorage-digital/salaries/software-engineer/locations/new-york-city-area?dma=501,2026-03-12 18:09:01
BitGo,软件工程师,India,"BitGoBengaluru, KA, India",6 days ago,L2,API Development (Back-End),4年,1年,3808,3626.8,181.3,不适用,https://www.levels.fyi/zh-cn/companies/bitgo/salaries/software-engineer?country=113,2026-03-12 18:09:55
BitGo,软件工程师,India,"BitGoBengaluru, KA, India",2026/02/28,E3,Distributed Systems (Back-End),7年,2年,7412,5581.6,1006.5,823.5,https://www.levels.fyi/zh-cn/companies/bitgo/salaries/software-engineer?country=113,2026-03-12 18:09:55
BitGo,软件工程师,India,"BitGoBengaluru, KA, India",2026/02/13,2,API Development (Back-End),3年,1年,2206,1746.6,459.6,不适用,https://www.levels.fyi/zh-cn/companies/bitgo/salaries/software-engineer?country=113,2026-03-12 18:09:55
BitGo,软件工程师,United States,"BitGoNew York, NY",2025/08/06,E3,Full Stack,10年,4年,17750,1.7万,不适用,1250,https://www.levels.fyi/zh-cn/companies/bitgo/salaries/software-engineer/locations/united-states?country=254,2026-03-12 18:10:05
BitGo,软件工程师,United States,"BitGoPalo Alto, CA",2025/06/11,E1,Full Stack,2年,0年,13750,1.4万,不适用,不适用,https://www.levels.fyi/zh-cn/companies/bitgo/salaries/software-engineer/locations/united-states?country=254,2026-03-12 18:10:05
BitGo,软件工程师,United States,"BitGoNew York, NY",2025/06/01,L3,API Development (Back-End),7年,0年,18750,1.8万,1250,不适用,https://www.levels.fyi/zh-cn/companies/bitgo/salaries/software-engineer/locations/united-states?country=254,2026-03-12 18:10:05
BitGo,软件工程师,United States - San Francisco Bay Area,"BitGoSan Francisco, CA",2025/04/16,L1,Full Stack,1年,1年,10833,1.1万,不适用,不适用,https://www.levels.fyi/zh-cn/companies/bitgo/salaries/software-engineer/locations/san-francisco-bay-area?dma=807,2026-03-12 18:10:15
BitGo,软件工程师,United States - San Francisco Bay Area,"BitGoPalo Alto, CA",2025/02/05,L1,Networking,1年,0年,10417,1万,不适用,不适用,https://www.levels.fyi/zh-cn/companies/bitgo/salaries/software-engineer/locations/san-francisco-bay-area?dma=807,2026-03-12 18:10:15
BitGo,软件工程师,Canada,"BitGoToronto, ON, Canada",2025/11/13,E2,Full Stack,7年,0年,11897,1.2万,不适用,不适用,https://www.levels.fyi/zh-cn/companies/bitgo/salaries/software-engineer/locations/canada?country=43,2026-03-12 18:10:21
BitGo,软件工程师,Canada,"BitGoToronto, ON, Canada",2025/11/01,E1,Full Stack,2年,0年,10675,9488.9,1186.1,不适用,https://www.levels.fyi/zh-cn/companies/bitgo/salaries/software-engineer/locations/canada?country=43,2026-03-12 18:10:21
BitGo,产品经理,United States,"BitGoNew York, NY",10 hours ago,L3,General,3年,1年,11667,1.2万,不适用,不适用,https://www.levels.fyi/zh-cn/companies/bitgo/salaries/product-manager?country=254,2026-03-12 18:10:47
BitGo,产品经理,United States,"BitGoNew York, NY",2026/01/15,L3,Infrastructure,3年,0年,13750,1.4万,不适用,不适用,https://www.levels.fyi/zh-cn/companies/bitgo/salaries/product-manager?country=254,2026-03-12 18:10:47
Alchemy,软件工程师,United States,"AlchemySan Francisco, CA",2026/01/13,L5,Full Stack,9年,4年,59167,1.8万,3.8万,3333.3,https://www.levels.fyi/zh-cn/companies/alchemy/salaries/software-engineer?country=254,2026-03-12 18:14:05
Alchemy,软件工程师,United States,"AlchemyNew York, NY",2025/09/01,L5,Full Stack,9年,1年,18750,1.9万,不适用,不适用,https://www.levels.fyi/zh-cn/companies/alchemy/salaries/software-engineer?country=254,2026-03-12 18:14:05
Alchemy,软件工程师,United States,"AlchemyNew York, NY",2025/05/09,L5,Distributed Systems (Back-End),7年,1年,15833,1.6万,不适用,不适用,https://www.levels.fyi/zh-cn/companies/alchemy/salaries/software-engineer?country=254,2026-03-12 18:14:06
Alchemy,软件工程师,United States - San Francisco Bay Area,"AlchemySan Francisco, CA",2025/03/27,L5,Full Stack,8年,2年,17500,1.8万,不适用,不适用,https://www.levels.fyi/zh-cn/companies/alchemy/salaries/software-engineer/locations/san-francisco-bay-area?dma=807,2026-03-12 18:14:16
Dapper Labs,软件工程师,,"Dapper LabsVancouver, BC, Canada",2025/01/27,L3,API Development (Back-End),2年,0年,6615,6382.7,232.1,不适用,https://www.levels.fyi/zh-cn/companies/dapper-labs/salaries/software-engineer,2026-03-12 18:15:09
Dapper Labs,软件工程师,,"Dapper LabsToronto, ON, Canada",2024/04/24,L4,API Development (Back-End),7年,1年,10674,1.1万,不适用,不适用,https://www.levels.fyi/zh-cn/companies/dapper-labs/salaries/software-engineer,2026-03-12 18:15:09
Dapper Labs,软件工程师,,"Dapper LabsLos Angeles, CA",2024/03/20,L5,Full Stack,7年,2年,18750,1.7万,1666.7,不适用,https://www.levels.fyi/zh-cn/companies/dapper-labs/salaries/software-engineer,2026-03-12 18:15:09
Jane Street,软件工程师,United States,"Jane StreetNew York, NY",2 days ago,L1,DevOps,0年,0年,20833,1.7万,不适用,4166.7,https://www.levels.fyi/zh-cn/companies/jane-street/salaries/software-engineer?country=254,2026-03-12 18:17:34
Jane Street,软件工程师,United States,"Jane StreetNew York, NY",2026/02/01,L1,Quant Development,0年,0年,38417,2.5万,不适用,1.3万,https://www.levels.fyi/zh-cn/companies/jane-street/salaries/software-engineer?country=254,2026-03-12 18:17:34
Jane Street,软件工程师,United States,"Jane StreetNew York, NY",2026/01/29,L1,Distributed Systems (Back-End),1年,0年,23333,2.3万,不适用,不适用,https://www.levels.fyi/zh-cn/companies/jane-street/salaries/software-engineer?country=254,2026-03-12 18:17:34
Jane Street,软件工程师,United Kingdom,"Jane StreetLondon, EN, United Kingdom",2025/10/01,L1,Distributed Systems (Back-End),3年,0年,31031,1.8万,不适用,1.3万,https://www.levels.fyi/zh-cn/companies/jane-street/salaries/software-engineer/locations/united-kingdom?country=253,2026-03-12 18:17:45
Jane Street,软件工程师,United Kingdom,"Jane StreetLondon, EN, United Kingdom",2025/09/14,L1,Full Stack,0年,0年,28470,2万,不适用,8586.1,https://www.levels.fyi/zh-cn/companies/jane-street/salaries/software-engineer/locations/united-kingdom?country=253,2026-03-12 18:17:45
Jane Street,软件工程师,United Kingdom,"Jane StreetLondon, EN, United Kingdom",2025/08/15,L1,Full Stack,0年,0年,28200,2万,不适用,8459.9,https://www.levels.fyi/zh-cn/companies/jane-street/salaries/software-engineer/locations/united-kingdom?country=253,2026-03-12 18:17:45
Jane Street,数据科学家,United States,"Jane StreetNew York, NY",2025/11/17,L2,Machine Learning,0年,0年,10000,1万,不适用,不适用,https://www.levels.fyi/zh-cn/companies/jane-street/salaries/data-scientist?country=254,2026-03-12 18:18:11
Jane Street,数据科学家,United States,"Jane StreetNew York, NY",2025/08/14,L2,Finance,1年,0年,25000,2.5万,不适用,不适用,https://www.levels.fyi/zh-cn/companies/jane-street/salaries/data-scientist?country=254,2026-03-12 18:18:11
Jane Street,数据科学家,United States,"Jane StreetNew York, NY",2025/06/17,L1,quant researcher,1年,0年,25000,2.5万,不适用,不适用,https://www.levels.fyi/zh-cn/companies/jane-street/salaries/data-scientist?country=254,2026-03-12 18:18:11
Jane Street,产品经理,,"Jane StreetNew York, NY",2025/04/01,L3,Technical,4年,0年,43750,3.3万,不适用,1万,https://www.levels.fyi/zh-cn/companies/jane-street/salaries/product-manager,2026-03-12 18:18:28
Jane Street,产品经理,,"Jane StreetNew York, NY",2025/02/01,L3,Technical,4年,0年,20833,2.1万,不适用,不适用,https://www.levels.fyi/zh-cn/companies/jane-street/salaries/product-manager,2026-03-12 18:18:28
Jane Street,信息技术专员,United States,"Jane StreetNew York, NY",2025/12/14,,hidden,,5-10年,15833,1.3万,不适用,3333.3,https://www.levels.fyi/zh-cn/companies/jane-street/salaries/information-technologist?country=254,2026-03-12 18:18:43
Jane Street,信息技术专员,United States,"Jane StreetNew York, NY",2025/09/01,L1,Support,1年,0年,11979,1万,不适用,1979.2,https://www.levels.fyi/zh-cn/companies/jane-street/salaries/information-technologist?country=254,2026-03-12 18:18:43
Jane Street,业务分析师,,"Jane StreetNew York, NY",2025/06/06,L1,-,3年,1年,11917,1.2万,不适用,不适用,https://www.levels.fyi/zh-cn/companies/jane-street/salaries/business-analyst,2026-03-12 18:18:59
Jane Street,业务分析师,,"Jane StreetNew York, NY",2023/05/23,-,-,1年,1年,12500,1.3万,不适用,不适用,https://www.levels.fyi/zh-cn/companies/jane-street/salaries/business-analyst,2026-03-12 18:18:59
Jane Street,财务分析师,,"Jane StreetNew York, NY",2024/10/26,L1,-,0年,0年,25000,2.5万,不适用,不适用,https://www.levels.fyi/zh-cn/companies/jane-street/salaries/financial-analyst,2026-03-12 18:19:06
Jane Street,财务分析师,,"Jane StreetHong Kong, HK, Hong Kong (SAR)",2023/12/04,L4,Trader,0年,0年,21327,2.1万,不适用,不适用,https://www.levels.fyi/zh-cn/companies/jane-street/salaries/financial-analyst,2026-03-12 18:19:06
Jane Street,会计师,,"Jane StreetNew York, NY",2024/01/18,L4,Accounts Payable,8年,7年,17500,1.2万,不适用,5416.7,https://www.levels.fyi/zh-cn/companies/jane-street/salaries/accountant,2026-03-12 18:19:12
Jane Street,会计师,,"Jane StreetNew York, NY",2023/09/01,,hidden,,5-10年,15000,1.1万,不适用,4166.7,https://www.levels.fyi/zh-cn/companies/jane-street/salaries/accountant,2026-03-12 18:19:12
Hudson River Trading,软件工程师,United States,"Hudson River TradingNew York, NY",2025/12/21,L2,Full Stack,5年,5年,50000,1.7万,不适用,3.3万,https://www.levels.fyi/zh-cn/companies/hudson-river-trading/salaries/software-engineer?country=254,2026-03-12 18:20:21
Hudson River Trading,软件工程师,United States,"Hudson River TradingNew York, NY",2025/11/05,L2,DevOps,5年,0年,39167,2.1万,不适用,1.8万,https://www.levels.fyi/zh-cn/companies/hudson-river-trading/salaries/software-engineer?country=254,2026-03-12 18:20:21
Hudson River Trading,软件工程师,United States,"Hudson River TradingChicago, IL",2025/11/01,L2,ML / AI,0年,0年,20417,1.5万,5000,不适用,https://www.levels.fyi/zh-cn/companies/hudson-river-trading/salaries/software-engineer?country=254,2026-03-12 18:20:21
Hudson River Trading,软件工程师,United States - New York City Area,"Hudson River TradingNew York, NY",2025/10/31,L1,ML / AI,2年,0年,33333,2.1万,不适用,1.3万,https://www.levels.fyi/zh-cn/companies/hudson-river-trading/salaries/software-engineer/locations/new-york-city-area?dma=501,2026-03-12 18:20:26
Hudson River Trading,软件工程师,Singapore,"Hudson River TradingSingapore, SG, Singapore",2025/05/06,L2,Production,4年,0年,56673,1.8万,不适用,3.9万,https://www.levels.fyi/zh-cn/companies/hudson-river-trading/salaries/software-engineer/locations/singapore?country=219,2026-03-12 18:20:31
Hudson River Trading,软件工程师,Singapore,"Hudson River TradingSingapore, SG, Singapore",2025/03/31,L2,API Development (Back-End),0年,0年,24132,1.7万,不适用,7382.4,https://www.levels.fyi/zh-cn/companies/hudson-river-trading/salaries/software-engineer/locations/singapore?country=219,2026-03-12 18:20:31
Hudson River Trading,招聘专员,,"Hudson River TradingNew York, NY",2024/09/14,,hidden,,2-4年,15833,1.3万,不适用,2500,https://www.levels.fyi/zh-cn/companies/hudson-river-trading/salaries/recruiter,2026-03-12 18:21:26
dYdX,软件工程师,,"dYdXNew York, NY",2024/03/28,L4,Frontend,5年,0年,34208,1.8万,1.3万,3375,https://www.levels.fyi/zh-cn/companies/dydx/salaries/software-engineer,2026-03-12 18:23:02
dYdX,软件工程师,,"dYdXNew York, NY",2024/01/05,-,Blockchain,4年,2年,36000,2.3万,1万,3000,https://www.levels.fyi/zh-cn/companies/dydx/salaries/software-engineer,2026-03-12 18:23:02
Yuga Labs,软件工程师,,"Yuga LabsAustin, TX",2023/06/02,-,Full Stack,8年,1年,20000,1.7万,3333.3,不适用,https://www.levels.fyi/zh-cn/companies/yuga-labs/salaries/software-engineer,2026-03-12 18:23:17
Block,软件工程师,United States,"BlockSalt Lake City, UT",8 hours ago,Level 6,Distributed Systems (Back-End),10年,3年,48667,2.1万,2.8万,不适用,https://www.levels.fyi/zh-cn/companies/block/salaries/software-engineer?country=254,2026-03-12 18:23:42
Block,软件工程师,United States,"BlockAustin, TX",11 hours ago,Level 4,Data,6年,4年,15000,1.3万,2500,不适用,https://www.levels.fyi/zh-cn/companies/block/salaries/software-engineer?country=254,2026-03-12 18:23:42
Block,软件工程师,United States,"BlockVancouver, WA",18 hours ago,Level 5,Web Development (Front-End),6年,3年,18750,1.5万,3333.3,不适用,https://www.levels.fyi/zh-cn/companies/block/salaries/software-engineer?country=254,2026-03-12 18:23:42
Block,软件工程师,United States - San Francisco Bay Area,"BlockSan Francisco, CA",3 days ago,Level 6,DevOps,20年,9年,31333,2.1万,1万,不适用,https://www.levels.fyi/zh-cn/companies/block/salaries/software-engineer/locations/san-francisco-bay-area?dma=807,2026-03-12 18:23:47
Block,软件工程师,United States - San Francisco Bay Area,"BlockSan Francisco, CA",3 days ago,Level 5,Distributed Systems (Back-End),9年,4年,32500,1.8万,1.4万,不适用,https://www.levels.fyi/zh-cn/companies/block/salaries/software-engineer/locations/san-francisco-bay-area?dma=807,2026-03-12 18:23:47
Block,软件工程师,United States - San Francisco Bay Area,"BlockSan Francisco, CA",5 days ago,Level 6,Distributed Systems (Back-End),9年,3年,24167,1.8万,5833.3,不适用,https://www.levels.fyi/zh-cn/companies/block/salaries/software-engineer/locations/san-francisco-bay-area?dma=807,2026-03-12 18:23:47
Block,软件工程师,United States - New York City Area,"BlockNew York, NY",2 days ago,Level 6,API Development (Back-End),7年,7年,39500,2.2万,1.8万,不适用,https://www.levels.fyi/zh-cn/companies/block/salaries/software-engineer/locations/new-york-city-area?dma=501,2026-03-12 18:23:51
Block,软件工程师,United States - New York City Area,"BlockNew York, NY",2 days ago,Level 6,ML / AI,6年,3年,44500,2.3万,1.8万,3000,https://www.levels.fyi/zh-cn/companies/block/salaries/software-engineer/locations/new-york-city-area?dma=501,2026-03-12 18:23:51
Block,软件工程师,United States - New York City Area,"BlockNew York, NY",2026/03/05,Level 5,Research,3年,2年,14083,1万,4083.3,不适用,https://www.levels.fyi/zh-cn/companies/block/salaries/software-engineer/locations/new-york-city-area?dma=501,2026-03-12 18:23:51
Block,软件工程师,United States - Greater Seattle Area,"BlockSeattle, WA",3 days ago,Level 6,Mobile (iOS + Android),11年,7年,40833,2.5万,1.6万,不适用,https://www.levels.fyi/zh-cn/companies/block/salaries/software-engineer/locations/greater-seattle-area?dma=819,2026-03-12 18:23:56
Block,软件工程师,United States - Greater Seattle Area,"BlockSeattle, WA",3 days ago,Level 6,Data,8年,4年,45500,2.3万,2.3万,不适用,https://www.levels.fyi/zh-cn/companies/block/salaries/software-engineer/locations/greater-seattle-area?dma=819,2026-03-12 18:23:56
Block,软件工程师,United States - Greater Seattle Area,"BlockSeattle, WA",7 days ago,Level 6,API Development (Back-End),12年,3年,39500,2万,1.9万,不适用,https://www.levels.fyi/zh-cn/companies/block/salaries/software-engineer/locations/greater-seattle-area?dma=819,2026-03-12 18:23:56
Block,软件工程师,United States - Greater Los Angeles Area,"BlockLos Angeles, CA",2026/03/04,Level 6,Data,10年,2年,21167,1.6万,5333.3,不适用,https://www.levels.fyi/zh-cn/companies/block/salaries/software-engineer/locations/greater-los-angeles-area?dma=803,2026-03-12 18:24:01
Block,软件工程师,United States - Greater Los Angeles Area,"BlockLos Angeles, CA",2026/01/29,Level 5,Distributed Systems (Back-End),7年,2年,31500,1.5万,1.6万,不适用,https://www.levels.fyi/zh-cn/companies/block/salaries/software-engineer/locations/greater-los-angeles-area?dma=803,2026-03-12 18:24:01
Block,软件工程师,United States - Greater Los Angeles Area,"BlockLos Angeles, CA",2026/01/20,Level 5,Full Stack,8年,1年,23667,1.7万,6666.7,不适用,https://www.levels.fyi/zh-cn/companies/block/salaries/software-engineer/locations/greater-los-angeles-area?dma=803,2026-03-12 18:24:01
Block,软件工程师,Canada,"BlockToronto, ON, Canada",2 days ago,Level 4,API Development (Back-End),3年,3年,12272,8590.2,3681.5,不适用,https://www.levels.fyi/zh-cn/companies/block/salaries/software-engineer/locations/canada?country=43,2026-03-12 18:24:06
Block,软件工程师,Canada,"BlockToronto, ON, Canada",2026/03/02,Level 5,Full Stack,11年,3年,19518,1.2万,7929.2,不适用,https://www.levels.fyi/zh-cn/companies/block/salaries/software-engineer/locations/canada?country=43,2026-03-12 18:24:06
Block,软件工程师,Canada,"BlockToronto, ON, Canada",2026/03/01,Level 4,Full Stack,5年,5年,9754,8535,1219.3,不适用,https://www.levels.fyi/zh-cn/companies/block/salaries/software-engineer/locations/canada?country=43,2026-03-12 18:24:06
Block,软件工程师,Canada - Greater Vancouver,"BlockVancouver, BC, Canada",2026/01/30,Level 4,API Development (Back-End),3年,1年,12943,9244.7,3697.9,不适用,https://www.levels.fyi/zh-cn/companies/block/salaries/software-engineer/locations/greater-vancouver?dma=984,2026-03-12 18:24:16
Block,软件工程师,Canada - Greater Vancouver,"BlockVancouver, BC, Canada",2025/12/17,Level 6,Mobile (iOS + Android),13年,4年,24572,1.4万,1.1万,不适用,https://www.levels.fyi/zh-cn/companies/block/salaries/software-engineer/locations/greater-vancouver?dma=984,2026-03-12 18:24:16
Block,软件工程师,Canada - Greater Vancouver,"BlockVancouver, BC, Canada",2025/11/30,Level 4,Full Stack,3年,1年,12514,8938.5,3575.4,不适用,https://www.levels.fyi/zh-cn/companies/block/salaries/software-engineer/locations/greater-vancouver?dma=984,2026-03-12 18:24:16
Block,软件工程师,Canada - Greater Montreal,"BlockMontreal, QC, Canada",2025/11/09,Level 5,Web Development (Front-End),8年,4年,15304,9372.3,5931.8,不适用,https://www.levels.fyi/zh-cn/companies/block/salaries/software-engineer/locations/greater-montreal?dma=921,2026-03-12 18:24:22
Block,软件工程师,Canada - Greater Montreal,"BlockMontreal, QC, Canada",2025/07/19,Level 6,DevOps,12年,4年,25244,1.3万,1.2万,不适用,https://www.levels.fyi/zh-cn/companies/block/salaries/software-engineer/locations/greater-montreal?dma=921,2026-03-12 18:24:22
Block,软件工程师,Australia,"BlockMelbourne, VI, Australia",2 days ago,Level 5,API Development (Back-End),15年,4年,16136,1.1万,4711.2,不适用,https://www.levels.fyi/zh-cn/companies/block/salaries/software-engineer/locations/australia?country=14,2026-03-12 18:24:27
Block,软件工程师,Australia,"BlockMelbourne, VI, Australia",2026/03/05,Level 5,Web Development (Front-End),7年,3年,11209,8849.2,2359.8,不适用,https://www.levels.fyi/zh-cn/companies/block/salaries/software-engineer/locations/australia?country=14,2026-03-12 18:24:27
Block,软件工程师,Australia,"BlockSydney, NS, Australia",2026/03/04,Level 5,Full Stack,10年,5年,12015,9682.1,2333,不适用,https://www.levels.fyi/zh-cn/companies/block/salaries/software-engineer/locations/australia?country=14,2026-03-12 18:24:27
Block,软件工程师,Australia - Greater Melbourne Area,"BlockMelbourne, VI, Australia",2026/03/02,Level 5,ML / AI,15年,5年,14681,1.1万,3523.5,不适用,https://www.levels.fyi/zh-cn/companies/block/salaries/software-engineer/locations/greater-melbourne-area?dma=10046,2026-03-12 18:24:33
Block,软件工程师,Mexico,"BlockMonterrey, NL, Mexico",2025/04/01,Level 5,Full Stack,14年,2年,9837,6394.1,3443,不适用,https://www.levels.fyi/zh-cn/companies/block/salaries/software-engineer/locations/mexico?country=159,2026-03-12 18:24:37
Block,软件工程师,Mexico,"BlockMexico City, DF, Mexico",2025/03/28,Level 4,Full Stack,5年,2年,7668,4838.9,2665.5,164,https://www.levels.fyi/zh-cn/companies/block/salaries/software-engineer/locations/mexico?country=159,2026-03-12 18:24:37
Block,软件工程师,Netherlands,"BlockAmsterdam, NH, Netherlands",2025/11/16,Level 6,API Development (Back-End),9年,3年,23448,1.4万,9689.4,不适用,https://www.levels.fyi/zh-cn/companies/block/salaries/software-engineer/locations/netherlands?country=175,2026-03-12 18:24:42
Block,软件工程师,Netherlands,"BlockAmsterdam, NH, Netherlands",2025/07/01,Level 5,Distributed Systems (Back-End),14年,3年,19333,1.2万,6869.5,不适用,https://www.levels.fyi/zh-cn/companies/block/salaries/software-engineer/locations/netherlands?country=175,2026-03-12 18:24:42
Block,软件工程师,Moldova,"BlockChisinau, CE, Moldova",2026/01/30,Level 4,API Development (Back-End),13年,3年,7135,5351.6,1783.9,不适用,https://www.levels.fyi/zh-cn/companies/block/salaries/software-engineer/locations/moldova?country=163,2026-03-12 18:24:52
Block,产品设计师,United States,"BlockSan Francisco, CA",2026/03/01,Level 6,User Experience (UX),13年,6年,25500,2万,5833.3,不适用,https://www.levels.fyi/zh-cn/companies/block/salaries/product-designer?country=254,2026-03-12 18:25:12
Block,产品设计师,United States,"BlockSan Francisco, CA",2026/02/04,Level 6,User Experience (UX),10年,3年,35333,1.9万,1.7万,不适用,https://www.levels.fyi/zh-cn/companies/block/salaries/product-designer?country=254,2026-03-12 18:25:12
Block,产品设计师,United States,"BlockNew York, NY",2026/01/07,Level 6,User Interfaces,10年,1年,34167,2.1万,1.3万,不适用,https://www.levels.fyi/zh-cn/companies/block/salaries/product-designer?country=254,2026-03-12 18:25:12
Block,产品设计师,United States - San Francisco Bay Area,"BlockSan Francisco, CA",2025/06/01,Level 5,User Experience (UX),3年,3年,23167,1.5万,8333.3,不适用,https://www.levels.fyi/zh-cn/companies/block/salaries/product-designer/locations/san-francisco-bay-area?dma=807,2026-03-12 18:25:17
Block,产品设计师,United States - New York City Area,"BlockNew York, NY",2025/09/27,L6,User Experience (UX),8年,3年,35000,1.9万,1.6万,不适用,https://www.levels.fyi/zh-cn/companies/block/salaries/product-designer/locations/new-york-city-area?dma=501,2026-03-12 18:25:22
Block,产品设计师,United States - New York City Area,"BlockNew York, NY",2025/08/02,Level 4,User Experience (UX),4年,3年,19000,1.2万,6666.7,不适用,https://www.levels.fyi/zh-cn/companies/block/salaries/product-designer/locations/new-york-city-area?dma=501,2026-03-12 18:25:22
Block,产品设计师,United States - Greater Los Angeles Area,"BlockLos Angeles, CA",2025/10/28,Level 5,User Experience (UX),5年,0年,26583,1.9万,7916.7,不适用,https://www.levels.fyi/zh-cn/companies/block/salaries/product-designer/locations/greater-los-angeles-area?dma=803,2026-03-12 18:25:27
Block,产品设计师,United States - Greater Los Angeles Area,"BlockLos Angeles, CA",2025/09/23,Level 6,User Experience (UX),12年,1年,33333,1.9万,1.5万,不适用,https://www.levels.fyi/zh-cn/companies/block/salaries/product-designer/locations/greater-los-angeles-area?dma=803,2026-03-12 18:25:27
Block,产品设计师,Canada,"BlockToronto, ON, Canada",2026/02/21,Level 5,User Experience (UX),8年,3年,12794,9747.4,3046.1,不适用,https://www.levels.fyi/zh-cn/companies/block/salaries/product-designer/locations/canada?country=43,2026-03-12 18:25:32
Block,产品设计师,Canada,"BlockToronto, ON, Canada",2025/10/11,Level 5,User Experience (UX),7年,3年,8923,8922.9,不适用,不适用,https://www.levels.fyi/zh-cn/companies/block/salaries/product-designer/locations/canada?country=43,2026-03-12 18:25:32
Block,产品经理,United States,"BlockSan Francisco, CA",2026/03/04,Level 7,Enterprise,10年,3年,56667,2.8万,2.9万,不适用,https://www.levels.fyi/zh-cn/companies/block/salaries/product-manager?country=254,2026-03-12 18:25:56
Block,产品经理,United States,"BlockNew York, NY",2026/01/30,Level 7,General,13年,3年,55833,2.3万,3.3万,不适用,https://www.levels.fyi/zh-cn/companies/block/salaries/product-manager?country=254,2026-03-12 18:25:56
Block,产品经理,United States,"BlockSeattle, WA",2026/01/21,Level 6,Consumer,15年,4年,39167,2.3万,1.7万,不适用,https://www.levels.fyi/zh-cn/companies/block/salaries/product-manager?country=254,2026-03-12 18:25:56
Block,产品经理,United States - San Francisco Bay Area,"BlockSan Francisco, CA",2025/12/19,Level 5,Consumer,5年,0年,30292,2万,9666.7,625,https://www.levels.fyi/zh-cn/companies/block/salaries/product-manager/locations/san-francisco-bay-area?dma=807,2026-03-12 18:26:01
Block,产品经理,United States - San Francisco Bay Area,"BlockSan Francisco, CA",2025/11/07,Level 7,Enterprise,17年,1年,55000,2.6万,2.9万,不适用,https://www.levels.fyi/zh-cn/companies/block/salaries/product-manager/locations/san-francisco-bay-area?dma=807,2026-03-12 18:26:01
Block,产品经理,United States - New York City Area,"BlockNew York, NY",2025/12/01,L5,General,10年,3年,28333,1.7万,1.2万,不适用,https://www.levels.fyi/zh-cn/companies/block/salaries/product-manager/locations/new-york-city-area?dma=501,2026-03-12 18:26:05
Block,产品经理,United States - New York City Area,"BlockNew York, NY",2025/09/05,Level 6,General,10年,3年,11667,1.2万,不适用,不适用,https://www.levels.fyi/zh-cn/companies/block/salaries/product-manager/locations/new-york-city-area?dma=501,2026-03-12 18:26:06
Block,产品经理,United States - Greater Los Angeles Area,"BlockLos Angeles, CA",2025/12/01,Level 6,General,9年,0年,33833,2.1万,1.3万,不适用,https://www.levels.fyi/zh-cn/companies/block/salaries/product-manager/locations/greater-los-angeles-area?dma=803,2026-03-12 18:26:10
Block,产品经理,United States - Greater Los Angeles Area,"BlockLos Angeles, CA",2025/06/01,Level 6,General,12年,4年,29167,1.7万,1.3万,不适用,https://www.levels.fyi/zh-cn/companies/block/salaries/product-manager/locations/greater-los-angeles-area?dma=803,2026-03-12 18:26:10
Block,产品经理,United States - Greater Seattle Area,"BlockSeattle, WA",2025/09/26,Level 6,Growth,9年,4年,34333,1.8万,1.7万,不适用,https://www.levels.fyi/zh-cn/companies/block/salaries/product-manager/locations/greater-seattle-area?dma=819,2026-03-12 18:26:15
Block,数据科学家,United States,"BlockSan Francisco, CA",5 days ago,Level 5,Finance,7年,2年,26667,1.8万,8333.3,不适用,https://www.levels.fyi/zh-cn/companies/block/salaries/data-scientist?country=254,2026-03-12 18:26:36
Block,数据科学家,United States,"BlockSeattle, WA",2026/03/05,Level 6,Product Data Scientist,11年,4年,25667,1.7万,8333.3,不适用,https://www.levels.fyi/zh-cn/companies/block/salaries/data-scientist?country=254,2026-03-12 18:26:36
Block,数据科学家,United States,"BlockSan Francisco, CA",2026/03/03,Level 6,Other,10年,6年,18333,1.8万,不适用,不适用,https://www.levels.fyi/zh-cn/companies/block/salaries/data-scientist?country=254,2026-03-12 18:26:36
Block,数据科学家,United States - San Francisco Bay Area,"BlockSan Francisco, CA",2026/01/10,Level 6,Finance,7年,6年,33333,1.8万,1.5万,不适用,https://www.levels.fyi/zh-cn/companies/block/salaries/data-scientist/locations/san-francisco-bay-area?dma=807,2026-03-12 18:26:41
Block,市场营销,United States,"BlockNew York, NY",2025/10/02,Level 6,Writing,10年,5年,14833,1.5万,不适用,不适用,https://www.levels.fyi/zh-cn/companies/block/salaries/marketing?country=254,2026-03-12 18:26:55
Block,市场营销,United States,"BlockSan Francisco, CA",2025/05/21,Level 5,-,9年,2年,19167,1.5万,3750,不适用,https://www.levels.fyi/zh-cn/companies/block/salaries/marketing?country=254,2026-03-12 18:26:56
Block,市场营销,United States,"BlockSan Francisco, CA",2025/05/01,Level 5,-,8年,2年,18333,1.5万,2916.7,不适用,https://www.levels.fyi/zh-cn/companies/block/salaries/marketing?country=254,2026-03-12 18:26:56
Block,市场营销,United States - San Francisco Bay Area,"BlockSan Francisco, CA",2025/04/16,Level 6,-,7年,2年,20333,1.7万,3333.3,不适用,https://www.levels.fyi/zh-cn/companies/block/salaries/marketing/locations/san-francisco-bay-area?dma=807,2026-03-12 18:27:00
Block,技术项目经理,United States,"BlockSan Francisco, CA",2026/01/07,Level 6,-,12年,5年,22500,1.8万,5000,不适用,https://www.levels.fyi/zh-cn/companies/block/salaries/technical-program-manager?country=254,2026-03-12 18:27:21
Block,技术项目经理,United States,"BlockSeattle, WA",2025/10/29,Level 5,-,8年,3年,15833,1.6万,不适用,不适用,https://www.levels.fyi/zh-cn/companies/block/salaries/technical-program-manager?country=254,2026-03-12 18:27:21
Block,技术项目经理,United States,"BlockSeattle, WA",2025/10/16,Level 5,-,8年,3年,24167,1.6万,8333.3,不适用,https://www.levels.fyi/zh-cn/companies/block/salaries/technical-program-manager?country=254,2026-03-12 18:27:21
Block,技术项目经理,United States - Greater Los Angeles Area,"BlockLos Angeles, CA",2025/05/20,Level 7,-,20年,5年,34667,1.8万,1.7万,不适用,https://www.levels.fyi/zh-cn/companies/block/salaries/technical-program-manager/locations/greater-los-angeles-area?dma=803,2026-03-12 18:27:32
Block,技术项目经理,United States - San Francisco Bay Area,"BlockSan Francisco, CA",2025/05/21,Level 6,-,10年,5年,17917,1.8万,不适用,不适用,https://www.levels.fyi/zh-cn/companies/block/salaries/technical-program-manager/locations/san-francisco-bay-area?dma=807,2026-03-12 18:27:37
Block,技术项目经理,United States - San Francisco Bay Area,"BlockSan Francisco, CA",2025/03/03,Level 6,-,15年,3年,15833,1.6万,不适用,不适用,https://www.levels.fyi/zh-cn/companies/block/salaries/technical-program-manager/locations/san-francisco-bay-area?dma=807,2026-03-12 18:27:37
Block,技术项目经理,Ireland,"BlockDublin, DN, Ireland",2025/11/21,Level 5,-,10年,0年,12101,1.1万,1440.6,不适用,https://www.levels.fyi/zh-cn/companies/block/salaries/technical-program-manager/locations/ireland?country=117,2026-03-12 18:27:42
Block,软件工程经理,United States,"BlockPhiladelphia, PA",6 days ago,L6,-,10年,4年,38500,2.2万,1.7万,不适用,https://www.levels.fyi/zh-cn/companies/block/salaries/software-engineering-manager?country=254,2026-03-12 18:28:06
Block,软件工程经理,United States,"BlockSan Francisco, CA",2026/03/05,L7,Server,13年,4年,66667,3万,3.7万,不适用,https://www.levels.fyi/zh-cn/companies/block/salaries/software-engineering-manager?country=254,2026-03-12 18:28:06
Block,软件工程经理,United States,"BlockSan Francisco, CA",2026/03/03,L6,-,15年,6年,40833,2.4万,1.7万,不适用,https://www.levels.fyi/zh-cn/companies/block/salaries/software-engineering-manager?country=254,2026-03-12 18:28:06
Block,软件工程经理,United States - New York City Area,"BlockNew York, NY",2026/01/17,L6,Server,13年,4年,43667,2.2万,2.2万,不适用,https://www.levels.fyi/zh-cn/companies/block/salaries/software-engineering-manager/locations/new-york-city-area?dma=501,2026-03-12 18:28:11
Block,软件工程经理,United States - New York City Area,"BlockNew York, NY",2025/08/19,L7,Mobile,14年,4年,82500,2.8万,5.4万,不适用,https://www.levels.fyi/zh-cn/companies/block/salaries/software-engineering-manager/locations/new-york-city-area?dma=501,2026-03-12 18:28:11
Block,软件工程经理,United States - New York City Area,"BlockNew York, NY",2025/08/14,L8,Backend,15年,3年,94167,3.2万,6.3万,不适用,https://www.levels.fyi/zh-cn/companies/block/salaries/software-engineering-manager/locations/new-york-city-area?dma=501,2026-03-12 18:28:11
Block,软件工程经理,United States - San Francisco Bay Area,"BlockSan Francisco, CA",2025/05/07,L7,-,14年,7年,60833,2.3万,3.8万,不适用,https://www.levels.fyi/zh-cn/companies/block/salaries/software-engineering-manager/locations/san-francisco-bay-area?dma=807,2026-03-12 18:28:16
Block,软件工程经理,United States - Greater Seattle Area,"BlockSeattle, WA",2026/01/17,L6,Distributed Systems (Back-End),14年,1年,37500,2.3万,1.5万,不适用,https://www.levels.fyi/zh-cn/companies/block/salaries/software-engineering-manager/locations/greater-seattle-area?dma=819,2026-03-12 18:28:21
Block,软件工程经理,United States - Greater Seattle Area,"BlockSeattle, WA",2026/01/16,L6,-,14年,1年,37500,2.3万,1.5万,不适用,https://www.levels.fyi/zh-cn/companies/block/salaries/software-engineering-manager/locations/greater-seattle-area?dma=819,2026-03-12 18:28:21
Block,软件工程经理,United States - Greater Seattle Area,"BlockSeattle, WA",2025/03/29,L7,-,20年,4年,49000,2.6万,2.3万,不适用,https://www.levels.fyi/zh-cn/companies/block/salaries/software-engineering-manager/locations/greater-seattle-area?dma=819,2026-03-12 18:28:21
Block,软件工程经理,United States - Philadelphia Area,"BlockPhiladelphia, PA",2026/01/27,L6,-,16年,4年,43833,2.2万,2.2万,不适用,https://www.levels.fyi/zh-cn/companies/block/salaries/software-engineering-manager/locations/philadelphia-area?dma=504,2026-03-12 18:28:26
Block,软件工程经理,Australia,"BlockMelbourne, VI, Australia",2025/09/20,L6,-,10年,2年,21654,1.3万,8243.8,不适用,https://www.levels.fyi/zh-cn/companies/block/salaries/software-engineering-manager/locations/australia?country=14,2026-03-12 18:28:30
Block,软件工程经理,Australia,"BlockMelbourne, VI, Australia",2024/11/07,L6,-,10年,4年,16663,1.1万,6069.4,不适用,https://www.levels.fyi/zh-cn/companies/block/salaries/software-engineering-manager/locations/australia?country=14,2026-03-12 18:28:30
Block,业务分析师,,"BlockSan Francisco, CA",2025/04/28,Level 5,-,7年,2年,19583,1.5万,5000,不适用,https://www.levels.fyi/zh-cn/companies/block/salaries/business-analyst,2026-03-12 18:28:41
Block,业务分析师,,"BlockToronto, ON, Canada",2025/04/09,Level 5,-,9年,3年,10926,8810.9,2114.6,不适用,https://www.levels.fyi/zh-cn/companies/block/salaries/business-analyst,2026-03-12 18:28:42
Block,业务分析师,,"BlockCharlotte, NC",2025/01/28,Level 6,-,11年,3年,23333,1.5万,8333.3,不适用,https://www.levels.fyi/zh-cn/companies/block/salaries/business-analyst,2026-03-12 18:28:42
Block,数据分析师,United States,"BlockAtlanta, GA",2025/10/01,L5,-,7年,4年,11250,1.1万,不适用,不适用,https://www.levels.fyi/zh-cn/companies/block/salaries/data-analyst?country=254,2026-03-12 18:28:51
Block,数据分析师,United States,"BlockAustin, TX",2025/04/09,L4,Financial Analytics,5年,3年,13833,1.1万,2916.7,不适用,https://www.levels.fyi/zh-cn/companies/block/salaries/data-analyst?country=254,2026-03-12 18:28:51
Block,数据分析师,United States,"BlockPhoenix, AZ",2025/04/01,L4,-,10年,2年,10917,1.1万,不适用,不适用,https://www.levels.fyi/zh-cn/companies/block/salaries/data-analyst?country=254,2026-03-12 18:28:51
Block,招聘专员,United States,"BlockNew York, NY",2026/02/11,L6,Machine Learning,8年,4年,16000,1.6万,不适用,不适用,https://www.levels.fyi/zh-cn/companies/block/salaries/recruiter?country=254,2026-03-12 18:29:10
Block,招聘专员,United States,"BlockOrange, CA",2025/11/11,L6,Tech,10年,6年,20167,1.4万,6250,不适用,https://www.levels.fyi/zh-cn/companies/block/salaries/recruiter?country=254,2026-03-12 18:29:10
Block,招聘专员,United States,"BlockAustin, TX",2025/08/14,L6,Tech,12年,4年,31167,1.7万,1.5万,不适用,https://www.levels.fyi/zh-cn/companies/block/salaries/recruiter?country=254,2026-03-12 18:29:10
Block,项目经理,United States,"BlockDenver, CO",2025/12/05,Level 7,Design Operations,21年,10年,42667,2.5万,1.8万,不适用,https://www.levels.fyi/zh-cn/companies/block/salaries/project-manager?country=254,2026-03-12 18:30:13
Block,项目经理,United States,"BlockNew York, NY",2025/08/08,Level 4,-,4年,3年,11250,1万,1250,不适用,https://www.levels.fyi/zh-cn/companies/block/salaries/project-manager?country=254,2026-03-12 18:30:13
Block,项目经理,United States,"BlockSan Francisco, CA",2025/04/11,,hidden,,11+年,43750,2.9万,1.5万,不适用,https://www.levels.fyi/zh-cn/companies/block/salaries/project-manager?country=254,2026-03-12 18:30:13
Huobi Global,项目经理,查看所有数据,"Huobi GlobalSingapore, SG, Singapore",2022/06/24,H7,gamefi blockchain gaming web3,12年,1年,7167,7166.7,不适用,不适用,https://www.levels.fyi/zh-cn/t/project-manager?search=Block&countryId=219&country=219,2026-03-12 18:30:18
Block,财务分析师,United States,"BlockSan Francisco, CA",2026/02/06,L5,hidden,10年,4年,22500,1.5万,7500,不适用,https://www.levels.fyi/zh-cn/companies/block/salaries/financial-analyst?country=254,2026-03-12 18:30:33
Block,财务分析师,United States,"BlockNew York, NY",2025/08/29,L6,General,10年,4年,23167,1.7万,6666.7,不适用,https://www.levels.fyi/zh-cn/companies/block/salaries/financial-analyst?country=254,2026-03-12 18:30:33
Block,财务分析师,United States,"BlockNew York, NY",2025/08/28,L6,General,,5-10年,23167,1.7万,6666.7,不适用,https://www.levels.fyi/zh-cn/companies/block/salaries/financial-analyst?country=254,2026-03-12 18:30:33
Block,财务分析师,United States - San Francisco Bay Area,"BlockSan Francisco, CA",2025/07/25,L5,Planning,8年,3年,19167,1.6万,3333.3,不适用,https://www.levels.fyi/zh-cn/companies/block/salaries/financial-analyst/locations/san-francisco-bay-area?dma=807,2026-03-12 18:30:43
Block,法务,United States,"BlockNew York, NY",2025/09/12,L8,-,25年,1年,83333,2.9万,5.4万,不适用,https://www.levels.fyi/zh-cn/companies/block/salaries/legal?country=254,2026-03-12 18:31:04
Block,法务,United States,"BlockSan Francisco, CA",2025/08/04,L6,-,15年,4年,29833,2.2万,8333.3,不适用,https://www.levels.fyi/zh-cn/companies/block/salaries/legal?country=254,2026-03-12 18:31:04
Block,法务,United States,"BlockSan Francisco, CA",2025/06/04,L6,-,15年,2年,24167,1.9万,5000,不适用,https://www.levels.fyi/zh-cn/companies/block/salaries/legal?country=254,2026-03-12 18:31:04
Block,用户体验研究员,,"BlockSan Francisco, CA",2024/10/06,L6,User Research,,5-10年,19167,1.7万,2083.3,不适用,https://www.levels.fyi/zh-cn/companies/block/salaries/ux-researcher,2026-03-12 18:31:18
Block,用户体验研究员,,"BlockSeattle, WA",2024/07/14,L6,User Research,12年,2年,25000,1.7万,8166.7,不适用,https://www.levels.fyi/zh-cn/companies/block/salaries/ux-researcher,2026-03-12 18:31:18
Block,数据科学经理,United States,"BlockNew York, NY",2025/10/10,L6,Investments &amp; RIsk,10年,5年,18333,1.8万,不适用,不适用,https://www.levels.fyi/zh-cn/companies/block/salaries/data-science-manager?country=254,2026-03-12 18:31:34
Block,数据科学经理,United States,"BlockPortland, OR",2025/10/07,L5,Compliance,4年,4年,17917,1.3万,5333.3,不适用,https://www.levels.fyi/zh-cn/companies/block/salaries/data-science-manager?country=254,2026-03-12 18:31:34
Block,数据科学经理,United States - San Francisco Bay Area,"BlockSan Francisco, CA",2025/07/30,L7,Payments,9年,6年,39667,2.2万,1.8万,不适用,https://www.levels.fyi/zh-cn/companies/block/salaries/data-science-manager/locations/san-francisco-bay-area?dma=807,2026-03-12 18:31:39
Block,数据科学经理,United States - San Francisco Bay Area,"BlockSan Francisco, CA",2025/03/30,L6,DS,14年,3年,24167,1.8万,6666.7,不适用,https://www.levels.fyi/zh-cn/companies/block/salaries/data-science-manager/locations/san-francisco-bay-area?dma=807,2026-03-12 18:31:39
Block,硬件工程师,,"BlockSan Francisco, CA",2025/06/29,L6,Digital IC,12年,2年,44167,2万,2.4万,不适用,https://www.levels.fyi/zh-cn/companies/block/salaries/hardware-engineer,2026-03-12 18:31:51
Block,硬件工程师,,"BlockSan Francisco, CA",2025/01/21,L5,General,6年,3年,21167,1.4万,7500,不适用,https://www.levels.fyi/zh-cn/companies/block/salaries/hardware-engineer,2026-03-12 18:31:51
Block,网络安全分析师,,"BlockMelbourne, VI, Australia",2025/04/11,L5,-,6年,4年,15568,9341,6227.3,不适用,https://www.levels.fyi/zh-cn/companies/block/salaries/security-analyst,2026-03-12 18:31:57
Block,网络安全分析师,,"BlockMelbourne, VI, Australia",2024/03/31,L5,-,3年,2年,10452,8274.8,2177.6,不适用,https://www.levels.fyi/zh-cn/companies/block/salaries/security-analyst,2026-03-12 18:31:57
Block,行政助理,,"BlockSan Francisco, CA",2025/01/27,L7,-,15年,5年,33833,2万,1.4万,不适用,https://www.levels.fyi/zh-cn/companies/block/salaries/administrative-assistant,2026-03-12 18:32:03
Block,行政助理,,"BlockSan Francisco, CA",2023/12/09,L5,EA,6年,2年,13167,1.2万,1416.7,不适用,https://www.levels.fyi/zh-cn/companies/block/salaries/administrative-assistant,2026-03-12 18:32:03
Block,人力资源,,"BlockSanta Clara, CA",2025/11/05,L6,-,20年,4年,18083,1.4万,4166.7,不适用,https://www.levels.fyi/zh-cn/companies/block/salaries/human-resources,2026-03-12 18:32:07
Block,人力资源,,"BlockAtlanta, GA",2024/06/15,L7,Compensation,13年,2年,39833,2.3万,1.7万,不适用,https://www.levels.fyi/zh-cn/companies/block/salaries/human-resources,2026-03-12 18:32:07
Block,信息技术专员,United States,"BlockNew York, NY",2025/04/20,L3,Engineer,15年,12年,13333,1万,2916.7,不适用,https://www.levels.fyi/zh-cn/companies/block/salaries/information-technologist?country=254,2026-03-12 18:32:23
Block,会计师,,"BlockLos Angeles, CA",2026/02/02,L4,General Ledger,6年,1年,9250,8166.7,1083.3,不适用,https://www.levels.fyi/zh-cn/companies/block/salaries/accountant,2026-03-12 18:32:34
Block,会计师,,"BlockAtlanta, GA",2022/08/15,L3,Pay scale,0年,0年,12500,1.3万,不适用,不适用,https://www.levels.fyi/zh-cn/companies/block/salaries/accountant,2026-03-12 18:32:34
Block,市场运营,,"BlockLos Angeles, CA",2023/11/29,L4,Marketing,7年,2年,10000,9000,1000,不适用,https://www.levels.fyi/zh-cn/companies/block/salaries/marketing-operations,2026-03-12 18:33:23
Block,市场运营,,"BlockLos Angeles, CA",2023/07/13,L4,Budget,7年,2年,10000,9000,1000,不适用,https://www.levels.fyi/zh-cn/companies/block/salaries/marketing-operations,2026-03-12 18:33:23
